gameId,total,maximo,minimo,margen,prorrogas,fecha,partido,estrella_gs,mvp,nota_igualdad,nota_ritmo,nota_ot,nota_estrella,KPI
0022500001,249,125,124,1,2,2025-10-21,OKC vs HOU,33.1,Alperen Sengun,0.95,0.8166666666666667,1.0,0.6033333333333334,84.9
0022500002,228,119,109,10,0,2025-10-21,LAL vs GSW,38.9,Luka Dončić,0.5,0.4666666666666667,0.0,0.7966666666666666,48.7
0022500003,230,119,111,8,0,2025-10-22,NYK vs CLE,21.299999999999997,Donovan Mitchell,0.6,0.5,0.0,0.2099999999999999,35.8
0022500004,217,125,92,33,0,2025-10-22,DAL vs SAS,37.6,Victor Wembanyama,0.0,0.2833333333333333,0.0,0.7533333333333334,24.0
0022500080,253,136,117,19,0,2025-10-22,CHA vs BKN,18.8,Miles Bridges,0.050000000000000044,0.8833333333333333,0.0,0.12666666666666668,10.5
0022500081,246,125,121,4,0,2025-10-22,ORL vs MIA,21.300000000000004,Norman Powell,0.8,0.7666666666666667,0.0,0.21000000000000013,46.1
0022500082,256,138,118,20,0,2025-10-22,ATL vs TOR,23.7,Scottie Barnes,0.0,0.9333333333333333,0.0,0.29,13.4
0022500083,233,117,116,1,0,2025-10-22,BOS vs PHI,32.500000000000014,Tyrese Maxey,0.95,0.55,0.0,0.5833333333333338,63.0
0022500084,226,115,111,4,0,2025-10-22,CHI vs DET,26.199999999999996,Nikola Vučević,0.8,0.43333333333333335,0.0,0.3733333333333332,49.4
0022500085,250,128,122,6,0,2025-10-22,MEM vs NOP,27.000000000000004,Ja Morant,0.7,0.8333333333333334,0.0,0.40000000000000013,47.7
0022500086,253,133,120,13,0,2025-10-22,MIL vs WAS,28.9,Giannis Antetokounmpo,0.35,0.8833333333333333,0.0,0.46333333333333326,34.1
0022500087,237,129,108,21,0,2025-10-22,UTA vs LAC,27.200000000000003,Walker Kessler,0.0,0.6166666666666667,0.0,0.4066666666666668,15.3
0022500088,236,120,116,4,0,2025-10-22,PHX vs SAC,29.699999999999996,DeMar DeRozan,0.8,0.6,0.0,0.4899999999999999,53.7
0022500089,232,118,114,4,0,2025-10-22,POR vs MIN,25.3,Anthony Edwards,0.8,0.5333333333333333,0.0,0.3433333333333334,49.0
0022500005,276,141,135,6,2,2025-10-23,IND vs OKC,43.099999999999994,Shai Gilgeous-Alexander,0.7,1.0,1.0,0.9366666666666664,84.6
0022500006,268,137,131,6,1,2025-10-23,GSW vs DEN,44.199999999999996,Aaron Gordon,0.7,1.0,0.7,0.9733333333333332,79.7
0022500018,200,105,95,10,0,2025-10-24,NYK vs BOS,23.6,Jalen Brunson,0.5,0.0,0.0,0.28666666666666674,31.1
0022500019,238,128,110,18,0,2025-10-24,LAL vs MIN,42.0,Luka Dončić,0.09999999999999998,0.6333333333333333,0.0,0.9,34.7
0022500090,218,111,107,4,0,2025-10-24,ORL vs ATL,20.900000000000002,Trae Young,0.8,0.3,0.0,0.19666666666666674,43.4
0022500091,255,131,124,7,0,2025-10-24,BKN vs CLE,30.200000000000003,Donovan Mitchell,0.65,0.9166666666666666,0.0,0.5066666666666667,49.0
0022500092,238,122,116,6,0,2025-10-24,TOR vs MIL,32.2,Giannis Antetokounmpo,0.7,0.6333333333333333,0.0,0.5733333333333335,51.9
0022500093,226,115,111,4,0,2025-10-24,HOU vs DET,31.700000000000006,Kevin Durant,0.8,0.43333333333333335,0.0,0.5566666666666669,54.9
0022500094,260,146,114,32,0,2025-10-24,MEM vs MIA,20.999999999999996,Nikola Jović,0.0,1.0,0.0,0.19999999999999987,11.0
0022500095,236,120,116,4,1,2025-10-24,NOP vs SAS,28.5,Victor Wembanyama,0.8,0.6,0.7,0.45,66.5
0022500096,224,117,107,10,0,2025-10-24,DAL vs WAS,31.9,Kyshawn George,0.5,0.4,0.0,0.5633333333333332,41.4
0022500097,258,139,119,20,0,2025-10-24,POR vs GSW,26.699999999999996,Stephen Curry,0.0,0.9666666666666667,0.0,0.38999999999999985,16.5
0022500098,209,105,104,1,0,2025-10-24,SAC vs UTA,22.2,Zach LaVine,0.95,0.15,0.0,0.23999999999999996,50.7
0022500099,231,129,102,27,0,2025-10-24,LAC vs PHX,27.700000000000006,James Harden,0.0,0.5166666666666667,0.0,0.42333333333333356,15.3
0022500100,208,110,98,12,0,2025-10-25,ORL vs CHI,16.8,Tre Jones,0.4,0.13333333333333333,0.0,0.060000000000000026,20.5
0022500101,217,117,100,17,0,2025-10-25,ATL vs OKC,30.10000000000001,Chet Holmgren,0.15000000000000002,0.2833333333333333,0.0,0.5033333333333336,23.3
0022500102,246,125,121,4,0,2025-10-25,PHI vs CHA,24.3,LaMelo Ball,0.8,0.7666666666666667,0.0,0.31,49.1
0022500103,231,128,103,25,0,2025-10-25,MEM vs IND,27.1,Cedric Coward,0.0,0.5166666666666667,0.0,0.4033333333333334,14.7
0022500104,244,133,111,22,0,2025-10-25,DEN vs PHX,22.3,Nikola Jokić,0.0,0.7333333333333333,0.0,0.24333333333333335,11.0
0022500105,225,118,107,11,0,2025-10-26,SAS vs BKN,29.3,Victor Wembanyama,0.44999999999999996,0.4166666666666667,0.0,0.4766666666666667,36.6
0022500106,232,119,113,6,0,2025-10-26,DET vs BOS,27.299999999999994,Jaylen Brown,0.7,0.5333333333333333,0.0,0.4099999999999998,46.5
0022500107,231,118,113,5,0,2025-10-26,CLE vs MIL,43.1,Giannis Antetokounmpo,0.75,0.5166666666666667,0.0,0.9366666666666668,64.4
0022500108,222,115,107,8,0,2025-10-26,MIA vs NYK,30.4,Jalen Brunson,0.6,0.36666666666666664,0.0,0.5133333333333333,44.2
0022500109,252,139,113,26,0,2025-10-26,WAS vs CHA,38.1,LaMelo Ball,0.0,0.8666666666666667,0.0,0.77,27.4
0022500110,224,114,110,4,0,2025-10-26,MIN vs IND,27.4,Pascal Siakam,0.8,0.4,0.0,0.4133333333333333,50.4
0022500111,268,139,129,10,0,2025-10-26,DAL vs TOR,25.7,Anthony Davis,0.5,1.0,0.0,0.35666666666666663,38.2
0022500112,221,114,107,7,0,2025-10-26,LAC vs POR,24.7,Kawhi Leonard,0.65,0.35,0.0,0.3233333333333333,40.7
0022500113,247,127,120,7,0,2025-10-26,SAC vs LAL,49.6,Austin Reaves,0.65,0.7833333333333333,0.0,1.0,63.2
0022500007,211,116,95,21,0,2025-10-27,DET vs CLE,23.900000000000002,Donovan Mitchell,0.0,0.18333333333333332,0.0,0.29666666666666675,9.8
0022500008,241,127,114,13,0,2025-10-27,MIN vs DEN,34.800000000000004,Nikola Jokić,0.35,0.6833333333333333,0.0,0.6600000000000001,39.0
0022500114,260,136,124,12,0,2025-10-27,PHI vs ORL,32.6,Tyrese Maxey,0.4,1.0,0.0,0.5866666666666667,40.6
0022500115,251,128,123,5,0,2025-10-27,CHI vs ATL,22.900000000000002,Nikola Vučević,0.75,0.85,0.0,0.2633333333333334,45.9
0022500116,246,137,109,28,0,2025-10-27,HOU vs BKN,20.9,Alperen Sengun,0.0,0.7666666666666667,0.0,0.19666666666666663,9.7
0022500117,212,122,90,32,0,2025-10-27,NOP vs BOS,17.8,Anfernee Simons,0.0,0.2,0.0,0.09333333333333335,3.8
0022500118,224,121,103,18,0,2025-10-27,SAS vs TOR,26.6,Victor Wembanyama,0.09999999999999998,0.4,0.0,0.3866666666666667,18.1
0022500119,195,101,94,7,0,2025-10-27,DAL vs OKC,23.499999999999996,Anthony Davis,0.65,0.0,0.0,0.2833333333333332,37.8
0022500120,272,138,134,4,1,2025-10-27,UTA vs PHX,40.70000000000001,Lauri Markkanen,0.8,1.0,0.7,0.856666666666667,80.7
0022500121,249,131,118,13,0,2025-10-27,GSW vs MEM,22.300000000000008,Jonathan Kuminga,0.35,0.8166666666666667,0.0,0.2433333333333336,27.1
0022500122,230,122,108,14,0,2025-10-27,LAL vs POR,28.900000000000006,Austin Reaves,0.30000000000000004,0.5,0.0,0.46333333333333354,29.9
0022500123,273,139,134,5,1,2025-10-28,WAS vs PHI,29.5,Tyrese Maxey,0.75,1.0,0.7,0.48333333333333334,67.3
0022500124,261,144,117,27,0,2025-10-28,MIA vs CHA,24.1,Jaime Jaquez Jr.,0.0,1.0,0.0,0.3033333333333334,14.1
0022500125,232,121,111,10,0,2025-10-28,MIL vs NYK,32.49999999999999,Giannis Antetokounmpo,0.5,0.5333333333333333,0.0,0.5833333333333331,42.7
0022500126,208,107,101,6,0,2025-10-28,OKC vs SAC,25.2,Shai Gilgeous-Alexander,0.7,0.13333333333333333,0.0,0.33999999999999997,42.4
0022500127,177,98,79,19,0,2025-10-28,GSW vs LAC,21.0,Jimmy Butler III,0.050000000000000044,0.0,0.0,0.2,8.3
0022500128,230,125,105,20,0,2025-10-29,BOS vs CLE,23.199999999999996,Jaylen Brown,0.0,0.5,0.0,0.2733333333333332,10.7
0022500129,251,135,116,19,0,2025-10-29,DET vs ORL,31.499999999999996,Cade Cunningham,0.050000000000000044,0.85,0.0,0.5499999999999999,23.0
0022500130,229,117,112,5,0,2025-10-29,BKN vs ATL,23.999999999999996,Michael Porter Jr.,0.75,0.48333333333333334,0.0,0.2999999999999999,45.2
0022500131,260,139,121,18,0,2025-10-29,TOR vs HOU,26.799999999999994,Scottie Barnes,0.09999999999999998,1.0,0.0,0.39333333333333315,21.3
0022500132,239,126,113,13,0,2025-10-29,CHI vs SAC,24.1,Zach LaVine,0.35,0.65,0.0,0.3033333333333334,28.1
0022500133,212,107,105,2,0,2025-10-29,DAL vs IND,17.1,Pascal Siakam,0.9,0.2,0.0,0.07000000000000005,43.6
0022500134,210,122,88,34,0,2025-10-29,DEN vs NOP,24.299999999999997,Nikola Jokić,0.0,0.16666666666666666,0.0,0.3099999999999999,10.1
0022500135,270,136,134,2,0,2025-10-29,UTA vs POR,28.499999999999996,Lauri Markkanen,0.9,1.0,0.0,0.4499999999999999,59.0
0022500136,231,116,115,1,0,2025-10-29,MIN vs LAL,25.5,Julius Randle,0.95,0.5166666666666667,0.0,0.35,55.8
0022500137,227,114,113,1,0,2025-10-29,PHX vs MEM,22.2,Mark Williams,0.95,0.45,0.0,0.23999999999999996,52.2
0022500138,230,123,107,16,0,2025-10-30,CHA vs ORL,22.8,Paolo Banchero,0.19999999999999996,0.5,0.0,0.26,19.3
0022500139,230,120,110,10,0,2025-10-30,MIL vs GSW,25.6,Ryan Rollins,0.5,0.5,0.0,0.3533333333333334,35.6
0022500140,235,127,108,19,0,2025-10-30,OKC vs WAS,27.499999999999996,Shai Gilgeous-Alexander,0.050000000000000044,0.5833333333333334,0.0,0.4166666666666666,17.7
0022500141,208,107,101,6,0,2025-10-30,SAS vs MIA,24.8,Victor Wembanyama,0.7,0.13333333333333333,0.0,0.3266666666666667,42.0
0022500020,236,128,108,20,0,2025-10-31,IND vs ATL,25.200000000000003,Jalen Johnson,0.0,0.6,0.0,0.3400000000000001,13.2
0022500021,217,109,108,1,0,2025-10-31,PHI vs BOS,27.800000000000004,Tyrese Maxey,0.95,0.2833333333333333,0.0,0.4266666666666668,57.0
0022500022,213,112,101,11,0,2025-10-31,CLE vs TOR,25.9,Evan Mobley,0.44999999999999996,0.21666666666666667,0.0,0.3633333333333333,32.2
0022500023,260,135,125,10,0,2025-10-31,CHI vs NYK,31.2,Josh Giddey,0.5,1.0,0.0,0.5399999999999999,43.7
0022500024,229,117,112,5,0,2025-10-31,MEM vs LAL,31.5,Luka Dončić,0.75,0.48333333333333334,0.0,0.55,52.7
0022500025,214,118,96,22,0,2025-10-31,PHX vs UTA,31.700000000000003,Devin Booker,0.0,0.23333333333333334,0.0,0.5566666666666668,17.9
0022500026,216,109,107,2,0,2025-10-31,POR vs DEN,26.3,Nikola Jokić,0.9,0.26666666666666666,0.0,0.3766666666666667,53.1
0022500027,250,126,124,2,0,2025-10-31,LAC vs NOP,35.400000000000006,Kawhi Leonard,0.9,0.8333333333333334,0.0,0.6800000000000002,65.1
0022500142,268,135,133,2,0,2025-11-01,MIL vs SAC,28.1,Giannis Antetokounmpo,0.9,1.0,0.0,0.4366666666666667,58.6
0022500143,227,122,105,17,0,2025-11-01,CHA vs MIN,26.8,Miles Bridges,0.15000000000000002,0.45,0.0,0.39333333333333337,20.8
0022500144,223,114,109,5,0,2025-11-01,IND vs GSW,29.2,Quenton Jackson,0.75,0.38333333333333336,0.0,0.47333333333333333,49.9
0022500145,219,125,94,31,0,2025-11-01,WAS vs ORL,25.2,Paolo Banchero,0.0,0.31666666666666665,0.0,0.33999999999999997,11.8
0022500146,229,128,101,27,0,2025-11-01,BOS vs HOU,22.9,Kevin Durant,0.0,0.48333333333333334,0.0,0.2633333333333333,10.3
0022500147,232,122,110,12,0,2025-11-01,DET vs DAL,32.70000000000001,Jalen Duren,0.4,0.5333333333333333,0.0,0.5900000000000003,38.4
0022500148,243,137,106,31,0,2025-11-02,OKC vs NOP,26.500000000000007,Shai Gilgeous-Alexander,0.0,0.7166666666666667,0.0,0.3833333333333336,15.1
0022500149,234,129,105,24,0,2025-11-02,BKN vs PHI,23.500000000000004,Quentin Grimes,0.0,0.5666666666666667,0.0,0.28333333333333344,11.3
0022500150,229,126,103,23,0,2025-11-02,CHA vs UTA,23.8,Miles Bridges,0.0,0.48333333333333334,0.0,0.29333333333333333,11.2
0022500151,226,117,109,8,0,2025-11-02,CLE vs ATL,28.900000000000006,Donovan Mitchell,0.6,0.43333333333333335,0.0,0.46333333333333354,43.1
0022500152,221,117,104,13,0,2025-11-02,TOR vs MEM,21.400000000000002,Scottie Barnes,0.35,0.35,0.0,0.2133333333333334,23.9
0022500153,244,128,116,12,0,2025-11-02,NYK vs CHI,23.5,Karl-Anthony Towns,0.4,0.7333333333333333,0.0,0.2833333333333333,30.2
0022500154,248,130,118,12,0,2025-11-02,PHX vs SAS,26.000000000000004,Devin Booker,0.4,0.8,0.0,0.3666666666666668,33.0
0022500155,250,130,120,10,0,2025-11-02,LAL vs MIA,26.6,Jake LaRavia,0.5,0.8333333333333334,0.0,0.3866666666666667,38.3
0022500156,234,125,109,16,0,2025-11-03,BKN vs MIN,22.799999999999997,Nic Claxton,0.19999999999999996,0.5666666666666667,0.0,0.2599999999999999,19.6
0022500157,232,117,115,2,0,2025-11-03,IND vs MIL,28.699999999999996,Giannis Antetokounmpo,0.9,0.5333333333333333,0.0,0.4566666666666665,56.9
0022500158,208,105,103,2,0,2025-11-03,BOS vs UTA,26.5,Keyonte George,0.9,0.13333333333333333,0.0,0.38333333333333336,52.7
0022500159,221,119,102,17,0,2025-11-03,NYK vs WAS,27.4,Karl-Anthony Towns,0.15000000000000002,0.35,0.0,0.4133333333333333,20.9
0022500160,212,110,102,8,0,2025-11-03,HOU vs DAL,23.0,P.J. Washington,0.6,0.2,0.0,0.26666666666666666,36.0
0022500161,220,114,106,8,0,2025-11-03,MEM vs DET,27.400000000000002,Isaiah Stewart,0.6,0.3333333333333333,0.0,0.4133333333333334,41.1
0022500162,254,130,124,6,0,2025-11-03,DEN vs SAC,39.699999999999996,Nikola Jokić,0.7,0.9,0.0,0.8233333333333331,60.7
0022500163,238,123,115,8,0,2025-11-03,POR vs LAL,24.000000000000007,Deandre Ayton,0.6,0.6333333333333333,0.0,0.3000000000000002,39.2
0022500164,239,120,119,1,0,2025-11-03,LAC vs MIA,24.1,Kawhi Leonard,0.95,0.65,0.0,0.3033333333333334,55.1
0022500165,228,128,100,28,0,2025-11-04,TOR vs MIL,24.5,Scottie Barnes,0.0,0.4666666666666667,0.0,0.31666666666666665,11.8
0022500166,239,127,112,15,0,2025-11-04,ATL vs ORL,19.499999999999996,Dyson Daniels,0.25,0.65,0.0,0.14999999999999988,19.0
0022500167,224,113,111,2,0,2025-11-04,CHI vs PHI,29.70000000000001,Tyrese Maxey,0.9,0.4,0.0,0.4900000000000003,57.2
0022500168,228,116,112,4,0,2025-11-04,NOP vs CHA,19.2,Jose Alvarado,0.8,0.4666666666666667,0.0,0.13999999999999999,42.5
0022500169,225,118,107,11,0,2025-11-04,GSW vs PHX,26.10000000000001,Devin Booker,0.44999999999999996,0.4166666666666667,0.0,0.3700000000000003,33.4
0022500170,233,126,107,19,0,2025-11-04,LAC vs OKC,32.300000000000004,Shai Gilgeous-Alexander,0.050000000000000044,0.55,0.0,0.5766666666666668,22.3
0022500171,253,132,121,11,0,2025-11-05,CLE vs PHI,43.1,Donovan Mitchell,0.44999999999999996,0.8833333333333333,0.0,0.9366666666666668,52.8
0022500172,217,114,103,11,0,2025-11-05,DET vs UTA,25.099999999999994,Jalen Duren,0.44999999999999996,0.2833333333333333,0.0,0.3366666666666665,31.8
0022500173,215,112,103,9,0,2025-11-05,IND vs BKN,24.9,Nic Claxton,0.55,0.25,0.0,0.32999999999999996,35.9
0022500174,243,136,107,29,0,2025-11-05,BOS vs WAS,29.3,Jaylen Brown,0.0,0.7166666666666667,0.0,0.4766666666666667,17.9
0022500175,251,137,114,23,0,2025-11-05,NYK vs MIN,23.5,OG Anunoby,0.0,0.85,0.0,0.2833333333333333,12.8
0022500176,233,124,109,15,0,2025-11-05,MEM vs HOU,23.300000000000004,Amen Thompson,0.25,0.55,0.0,0.2766666666666668,22.3
0022500177,200,101,99,2,0,2025-11-05,DAL vs NOP,18.6,Saddiq Bey,0.9,0.0,0.0,0.12000000000000005,44.1
0022500178,234,122,112,10,0,2025-11-05,DEN vs MIA,42.1,Nikola Jokić,0.5,0.5666666666666667,0.0,0.9033333333333334,52.4
0022500179,234,118,116,2,0,2025-11-05,LAL vs SAS,31.5,Luka Dončić,0.9,0.5666666666666667,0.0,0.55,59.8
0022500180,240,121,119,2,0,2025-11-05,POR vs OKC,24.700000000000003,Deni Avdija,0.9,0.6666666666666666,0.0,0.3233333333333334,53.5
0022500181,237,121,116,5,0,2025-11-05,SAC vs GSW,28.5,Russell Westbrook,0.75,0.6166666666666667,0.0,0.45,50.3
0022500182,217,115,102,13,0,2025-11-06,PHX vs LAC,21.9,Ivica Zubac,0.35,0.2833333333333333,0.0,0.22999999999999995,24.1
0022500028,233,123,110,13,0,2025-11-07,ORL vs BOS,22.099999999999998,Franz Wagner,0.35,0.55,0.0,0.2366666666666666,25.6
0022500029,263,148,115,33,0,2025-11-07,WAS vs CLE,21.7,Donovan Mitchell,0.0,1.0,0.0,0.2233333333333333,11.7
0022500030,206,109,97,12,0,2025-11-07,ATL vs TOR,17.799999999999997,Immanuel Quickley,0.4,0.1,0.0,0.09333333333333324,21.3
0022500031,232,125,107,18,0,2025-11-07,BKN vs DET,29.700000000000003,Cade Cunningham,0.09999999999999998,0.5333333333333333,0.0,0.4900000000000001,21.9
0022500032,231,121,110,11,0,2025-11-07,SAS vs HOU,20.499999999999996,Julian Champagnie,0.44999999999999996,0.5166666666666667,0.0,0.1833333333333332,28.3
0022500033,234,126,108,18,0,2025-11-07,MIA vs CHA,20.500000000000004,Kon Knueppel,0.09999999999999998,0.5666666666666667,0.0,0.18333333333333346,12.8
0022500034,222,118,104,14,0,2025-11-07,MEM vs DAL,22.3,Cedric Coward,0.30000000000000004,0.36666666666666664,0.0,0.24333333333333335,22.6
0022500035,236,126,110,16,0,2025-11-07,MIL vs CHI,35.2,Giannis Antetokounmpo,0.19999999999999996,0.6,0.0,0.6733333333333335,32.2
0022500036,234,137,97,40,0,2025-11-07,MIN vs UTA,26.599999999999994,Anthony Edwards,0.0,0.5666666666666667,0.0,0.3866666666666665,14.4
0022500037,233,129,104,25,0,2025-11-07,DEN vs GSW,29.0,Nikola Jokić,0.0,0.55,0.0,0.4666666666666667,16.8
0022500038,233,132,101,31,0,2025-11-07,SAC vs OKC,35.60000000000001,Isaiah Hartenstein,0.0,0.55,0.0,0.686666666666667,23.4
0022500183,216,111,105,6,0,2025-11-08,WAS vs DAL,30.2,Naji Marshall,0.7,0.26666666666666666,0.0,0.5066666666666666,48.0
0022500184,250,130,120,10,0,2025-11-08,PHI vs TOR,28.4,Trendon Watford,0.5,0.8333333333333334,0.0,0.4466666666666666,40.1
0022500185,224,122,102,20,0,2025-11-08,ATL vs LAL,22.7,Mouhamed Gueye,0.0,0.4,0.0,0.25666666666666665,9.7
0022500186,250,128,122,6,0,2025-11-08,CLE vs CHI,22.200000000000003,Evan Mobley,0.7,0.8333333333333334,0.0,0.2400000000000001,42.9
0022500187,267,136,131,5,0,2025-11-08,MIA vs POR,27.700000000000003,Deni Avdija,0.75,1.0,0.0,0.42333333333333345,51.5
0022500188,245,126,119,7,0,2025-11-08,SAS vs NOP,37.2,Trey Murphy III,0.65,0.75,0.0,0.7400000000000001,55.2
0022500189,217,117,100,17,0,2025-11-08,DEN vs IND,33.2,Nikola Jokić,0.15000000000000002,0.2833333333333333,0.0,0.6066666666666668,26.4
0022500190,217,114,103,11,0,2025-11-08,LAC vs PHX,20.1,Ivica Zubac,0.44999999999999996,0.2833333333333333,0.0,0.17000000000000004,26.8
0022500191,237,122,115,7,0,2025-11-09,MIL vs HOU,26.900000000000002,Giannis Antetokounmpo,0.65,0.6166666666666667,0.0,0.3966666666666667,44.2
0022500192,232,134,98,36,0,2025-11-09,NYK vs BKN,24.3,Karl-Anthony Towns,0.0,0.5333333333333333,0.0,0.31,12.0
0022500193,218,111,107,4,0,2025-11-09,ORL vs BOS,21.599999999999998,Jalen Suggs,0.8,0.3,0.0,0.21999999999999992,44.1
0022500194,214,114,100,14,0,2025-11-09,MEM vs OKC,31.299999999999997,Shai Gilgeous-Alexander,0.30000000000000004,0.23333333333333334,0.0,0.5433333333333332,31.0
0022500195,219,111,108,3,0,2025-11-09,PHI vs DET,22.7,Tyrese Maxey,0.85,0.31666666666666665,0.0,0.25666666666666665,47.5
0022500196,197,114,83,31,0,2025-11-09,GSW vs IND,23.4,Jimmy Butler III,0.0,0.0,0.0,0.27999999999999997,8.4
0022500197,261,144,117,27,0,2025-11-09,SAC vs MIN,23.0,Rudy Gobert,0.0,1.0,0.0,0.26666666666666666,13.0
0022500198,232,121,111,10,0,2025-11-10,CHA vs LAL,29.500000000000007,Miles Bridges,0.5,0.5333333333333333,0.0,0.48333333333333356,39.7
0022500199,272,137,135,2,1,2025-11-10,DET vs WAS,35.400000000000006,Cade Cunningham,0.9,1.0,0.7,0.6800000000000002,79.9
0022500200,227,115,112,3,0,2025-11-10,ORL vs POR,21.799999999999994,Shaedon Sharpe,0.85,0.45,0.0,0.22666666666666646,47.3
0022500201,278,140,138,2,1,2025-11-10,MIA vs CLE,25.2,Jaime Jaquez Jr.,0.9,1.0,0.7,0.33999999999999997,69.7
0022500202,238,121,117,4,0,2025-11-10,CHI vs SAS,36.5,Victor Wembanyama,0.8,0.6333333333333333,0.0,0.7166666666666667,60.7
0022500203,230,116,114,2,0,2025-11-10,DAL vs MIL,25.1,Cooper Flagg,0.9,0.5,0.0,0.3366666666666667,53.1
0022500204,219,121,98,23,0,2025-11-10,PHX vs NOP,39.9,Grayson Allen,0.0,0.31666666666666665,0.0,0.83,26.5
0022500205,233,120,113,7,0,2025-11-10,UTA vs MIN,27.200000000000003,Anthony Edwards,0.65,0.55,0.0,0.4066666666666668,44.2
0022500206,207,105,102,3,0,2025-11-10,LAC vs ATL,30.6,James Harden,0.85,0.11666666666666667,0.0,0.52,54.4
0022500207,228,119,109,10,0,2025-11-11,BKN vs TOR,22.6,Immanuel Quickley,0.5,0.4666666666666667,0.0,0.25333333333333335,32.4
0022500208,253,133,120,13,0,2025-11-11,NYK vs MEM,25.200000000000003,Jalen Brunson,0.35,0.8833333333333333,0.0,0.3400000000000001,30.4
0022500209,202,102,100,2,0,2025-11-11,PHI vs BOS,21.499999999999996,Justin Edwards,0.9,0.03333333333333333,0.0,0.21666666666666654,47.2
0022500210,228,126,102,24,0,2025-11-11,OKC vs GSW,28.400000000000002,Shai Gilgeous-Alexander,0.0,0.4666666666666667,0.0,0.4466666666666667,15.7
0022500211,280,152,128,24,0,2025-11-11,UTA vs IND,29.100000000000005,Lauri Markkanen,0.0,1.0,0.0,0.47000000000000014,19.1
0022500212,230,122,108,14,0,2025-11-11,SAC vs DEN,36.9,Nikola Jokić,0.30000000000000004,0.5,0.0,0.73,37.9
0022500213,211,111,100,11,0,2025-11-12,CHA vs MIL,22.4,Ryan Rollins,0.44999999999999996,0.18333333333333332,0.0,0.24666666666666662,28.6
0022500214,237,124,113,11,0,2025-11-12,DET vs CHI,33.3,Paul Reed,0.44999999999999996,0.6166666666666667,0.0,0.6099999999999999,41.6
0022500215,231,124,107,17,0,2025-11-12,NYK vs ORL,23.599999999999998,Franz Wagner,0.15000000000000002,0.5166666666666667,0.0,0.28666666666666657,17.9
0022500216,226,131,95,36,0,2025-11-12,BOS vs MEM,24.000000000000004,Payton Pritchard,0.0,0.43333333333333335,0.0,0.3000000000000001,11.2
0022500217,246,130,116,14,0,2025-11-12,MIA vs CLE,24.599999999999994,Jarrett Allen,0.30000000000000004,0.7666666666666667,0.0,0.3199999999999998,26.9
0022500218,247,135,112,23,0,2025-11-12,HOU vs WAS,22.900000000000002,Alex Sarr,0.0,0.7833333333333333,0.0,0.2633333333333334,11.8
0022500219,242,125,117,8,0,2025-11-12,NOP vs POR,31.400000000000006,Shaedon Sharpe,0.6,0.7,0.0,0.5466666666666669,46.9
0022500220,245,125,120,5,0,2025-11-12,SAS vs GSW,38.50000000000001,Stephen Curry,0.75,0.75,0.0,0.7833333333333335,61.0
0022500221,237,123,114,9,0,2025-11-12,DAL vs PHX,19.2,Grayson Allen,0.55,0.6166666666666667,0.0,0.13999999999999999,32.0
0022500222,213,121,92,29,0,2025-11-12,OKC vs LAL,29.400000000000002,Shai Gilgeous-Alexander,0.0,0.21666666666666667,0.0,0.4800000000000001,15.5
0022500223,233,133,100,33,0,2025-11-12,SAC vs ATL,28.400000000000002,Jalen Johnson,0.0,0.55,0.0,0.4466666666666667,16.2
0022500224,246,130,116,14,0,2025-11-12,LAC vs DEN,53.20000000000001,Nikola Jokić,0.30000000000000004,0.7666666666666667,0.0,1.0,47.3
0022500225,239,126,113,13,0,2025-11-13,CLE vs TOR,29.299999999999997,Scottie Barnes,0.35,0.65,0.0,0.47666666666666657,33.3
0022500226,231,133,98,35,0,2025-11-13,PHX vs IND,26.599999999999998,Devin Booker,0.0,0.5166666666666667,0.0,0.3866666666666666,14.2
0022500227,254,132,122,10,0,2025-11-13,UTA vs ATL,37.099999999999994,Jalen Johnson,0.5,0.9,0.0,0.7366666666666665,49.1
0022500039,272,140,132,8,0,2025-11-14,NYK vs MIA,31.900000000000002,Karl-Anthony Towns,0.6,1.0,0.0,0.5633333333333334,48.9
0022500040,203,105,98,7,0,2025-11-14,ORL vs BKN,20.7,Michael Porter Jr.,0.65,0.05,0.0,0.18999999999999997,35.2
0022500041,219,114,105,9,0,2025-11-14,DET vs PHI,19.999999999999996,Javonte Green,0.55,0.31666666666666665,0.0,0.16666666666666655,31.3
0022500042,256,140,116,24,0,2025-11-14,HOU vs POR,33.5,Alperen Sengun,0.0,0.9333333333333333,0.0,0.6166666666666667,23.2
0022500043,281,147,134,13,1,2025-11-14,MIL vs CHA,27.7,Kyle Kuzma,0.35,1.0,0.7,0.4233333333333333,47.4
0022500044,234,124,110,14,0,2025-11-14,MIN vs SAC,25.300000000000008,Domantas Sabonis,0.30000000000000004,0.5666666666666667,0.0,0.3433333333333336,26.6
0022500045,222,118,104,14,0,2025-11-14,NOP vs LAL,25.2,Austin Reaves,0.30000000000000004,0.36666666666666664,0.0,0.33999999999999997,25.5
0022500046,260,133,127,6,2,2025-11-14,DAL vs LAC,38.79999999999999,James Harden,0.7,1.0,1.0,0.793333333333333,80.3
0022500047,217,109,108,1,0,2025-11-14,SAS vs GSW,38.00000000000001,Stephen Curry,0.95,0.2833333333333333,0.0,0.7666666666666669,67.2
0022500228,208,108,100,8,0,2025-11-15,CLE vs MEM,19.9,Donovan Mitchell,0.6,0.13333333333333333,0.0,0.16333333333333327,32.6
0022500229,205,109,96,13,0,2025-11-15,CHA vs OKC,31.20000000000001,Shai Gilgeous-Alexander,0.35,0.08333333333333333,0.0,0.5400000000000004,32.4
0022500230,240,129,111,18,0,2025-11-15,IND vs TOR,25.200000000000003,Pascal Siakam,0.09999999999999998,0.6666666666666666,0.0,0.3400000000000001,18.0
0022500231,214,119,95,24,0,2025-11-15,MIL vs LAL,36.8,Luka Dončić,0.0,0.23333333333333334,0.0,0.7266666666666666,23.0
0022500232,235,123,112,11,0,2025-11-15,MIN vs DEN,27.299999999999997,Nikola Jokić,0.44999999999999996,0.5833333333333334,0.0,0.4099999999999999,35.5
0022500233,239,121,118,3,0,2025-11-16,BOS vs LAC,29.700000000000003,James Harden,0.85,0.65,0.0,0.4900000000000001,56.2
0022500234,233,123,110,13,0,2025-11-16,SAS vs SAC,25.3,De'Aaron Fox,0.35,0.55,0.0,0.3433333333333334,28.8
0022500235,235,129,106,23,0,2025-11-16,WAS vs BKN,30.200000000000003,Michael Porter Jr.,0.0,0.5833333333333334,0.0,0.5066666666666667,18.1
0022500236,230,117,113,4,1,2025-11-16,HOU vs ORL,24.000000000000004,Kevin Durant,0.8,0.5,0.7,0.3000000000000001,61.5
0022500237,230,124,106,18,0,2025-11-16,NOP vs GSW,27.9,Moses Moody,0.09999999999999998,0.5,0.0,0.42999999999999994,19.9
0022500238,271,138,133,5,1,2025-11-16,DAL vs POR,21.89999999999999,Daniel Gafford,0.75,1.0,0.7,0.2299999999999997,59.6
0022500239,246,124,122,2,0,2025-11-16,PHX vs ATL,25.0,Onyeka Okongwu,0.9,0.7666666666666667,0.0,0.3333333333333333,54.3
0022500240,297,150,147,3,2,2025-11-16,UTA vs CHI,34.599999999999994,Lauri Markkanen,0.85,1.0,1.0,0.6533333333333331,82.8
0022500241,224,118,106,12,0,2025-11-17,CLE vs MIL,30.200000000000003,Donovan Mitchell,0.4,0.4,0.0,0.5066666666666667,35.2
0022500242,239,127,112,15,0,2025-11-17,DET vs IND,31.499999999999993,Jalen Duren,0.25,0.65,0.0,0.5499999999999997,31.0
0022500243,218,110,108,2,0,2025-11-17,PHI vs LAC,26.600000000000005,Tyrese Maxey,0.9,0.3,0.0,0.3866666666666668,53.6
0022500244,228,115,113,2,0,2025-11-17,MIA vs NYK,22.900000000000006,Mikal Bridges,0.9,0.4666666666666667,0.0,0.26333333333333353,50.7
0022500245,218,110,108,2,0,2025-11-17,TOR vs CHA,19.6,Kon Knueppel,0.9,0.3,0.0,0.15333333333333338,46.6
0022500246,216,120,96,24,0,2025-11-17,MIN vs DAL,18.799999999999997,Rudy Gobert,0.0,0.26666666666666666,0.0,0.12666666666666657,5.1
0022500247,235,126,109,17,0,2025-11-17,NOP vs OKC,24.799999999999997,Shai Gilgeous-Alexander,0.15000000000000002,0.5833333333333334,0.0,0.32666666666666655,19.5
0022500248,257,130,127,3,0,2025-11-17,DEN vs CHI,36.800000000000004,Nikola Jokić,0.85,0.95,0.0,0.7266666666666668,64.8
0022500249,234,121,113,8,0,2025-11-18,ORL vs GSW,30.299999999999997,Jimmy Butler III,0.6,0.5666666666666667,0.0,0.5099999999999999,45.1
0022500250,212,113,99,14,0,2025-11-18,BKN vs BOS,22.599999999999998,Michael Porter Jr.,0.30000000000000004,0.2,0.0,0.25333333333333324,22.1
0022500251,232,120,112,8,0,2025-11-18,ATL vs DET,23.2,Jalen Johnson,0.6,0.5333333333333333,0.0,0.2733333333333333,37.9
0022500252,212,111,101,10,0,2025-11-18,SAS vs MEM,21.000000000000007,Harrison Barnes,0.5,0.2,0.0,0.20000000000000023,29.5
0022500253,266,140,126,14,0,2025-11-18,LAL vs UTA,27.699999999999996,Luka Dončić,0.30000000000000004,1.0,0.0,0.4233333333333332,31.2
0022500254,237,127,110,17,0,2025-11-18,POR vs PHX,19.2,Devin Booker,0.15000000000000002,0.6166666666666667,0.0,0.13999999999999999,14.0
0022500255,218,114,104,10,0,2025-11-19,CLE vs HOU,23.799999999999997,Alperen Sengun,0.5,0.3,0.0,0.2933333333333332,32.8
0022500256,245,127,118,9,0,2025-11-19,IND vs CHA,24.499999999999996,Kon Knueppel,0.55,0.75,0.0,0.31666666666666654,38.0
0022500257,206,110,96,14,0,2025-11-19,MIA vs GSW,21.900000000000002,Norman Powell,0.30000000000000004,0.1,0.0,0.23000000000000007,20.9
0022500258,233,121,112,9,0,2025-11-19,PHI vs TOR,24.6,Tyrese Maxey,0.55,0.55,0.0,0.32000000000000006,37.1
0022500259,229,120,109,11,0,2025-11-19,MIN vs WAS,28.099999999999998,Julius Randle,0.44999999999999996,0.48333333333333334,0.0,0.4366666666666666,35.8
0022500260,243,125,118,7,0,2025-11-19,NOP vs DEN,26.200000000000003,Peyton Watson,0.65,0.7166666666666667,0.0,0.3733333333333334,44.0
0022500261,212,113,99,14,0,2025-11-19,OKC vs SAC,24.5,Shai Gilgeous-Alexander,0.30000000000000004,0.2,0.0,0.31666666666666665,24.0
0022500262,224,113,111,2,0,2025-11-19,DAL vs NYK,19.3,D'Angelo Russell,0.9,0.4,0.0,0.14333333333333337,46.8
0022500263,243,122,121,1,0,2025-11-19,POR vs CHI,29.300000000000004,Deni Avdija,0.95,0.7166666666666667,0.0,0.4766666666666668,60.6
0022500264,230,129,101,28,0,2025-11-20,ORL vs LAC,26.300000000000004,James Harden,0.0,0.5,0.0,0.3766666666666668,13.8
0022500265,233,137,96,41,0,2025-11-20,MEM vs SAC,24.4,Santi Aldama,0.0,0.55,0.0,0.3133333333333333,12.2
0022500266,237,123,114,9,1,2025-11-20,MIL vs PHI,46.1,Tyrese Maxey,0.55,0.6166666666666667,0.7,1.0,71.8
0022500267,261,135,126,9,0,2025-11-20,SAS vs ATL,35.300000000000004,Nickeil Alexander-Walker,0.55,1.0,0.0,0.6766666666666669,50.1
0022500048,229,120,109,11,0,2025-11-21,CLE vs IND,29.099999999999998,Andrew Nembhard,0.44999999999999996,0.48333333333333334,0.0,0.4699999999999999,36.8
0022500049,218,113,105,8,0,2025-11-21,BOS vs BKN,24.1,Michael Porter Jr.,0.6,0.3,0.0,0.3033333333333334,37.6
0022500050,250,140,110,30,0,2025-11-21,TOR vs WAS,22.5,Brandon Ingram,0.0,0.8333333333333334,0.0,0.25,11.7
0022500051,250,143,107,36,0,2025-11-21,CHI vs MIA,20.5,Kel'el Ware,0.0,0.8333333333333334,0.0,0.18333333333333332,9.7
0022500052,233,118,115,3,0,2025-11-21,DAL vs NOP,25.7,Cooper Flagg,0.85,0.55,0.0,0.35666666666666663,51.7
0022500053,227,114,113,1,0,2025-11-21,PHX vs MIN,30.6,Anthony Edwards,0.95,0.45,0.0,0.52,60.6
0022500054,221,112,109,3,0,2025-11-21,HOU vs DEN,31.9,Nikola Jokić,0.85,0.35,0.0,0.5633333333333332,56.9
0022500055,256,144,112,32,0,2025-11-21,UTA vs OKC,29.500000000000004,Shai Gilgeous-Alexander,0.0,0.9333333333333333,0.0,0.48333333333333345,19.2
0022500056,250,127,123,4,0,2025-11-21,GSW vs POR,27.100000000000005,Stephen Curry,0.8,0.8333333333333334,0.0,0.4033333333333335,52.3
0022500268,247,131,116,15,0,2025-11-22,CHA vs LAC,47.199999999999996,James Harden,0.25,0.7833333333333333,0.0,1.0,45.2
0022500269,254,133,121,12,0,2025-11-22,ORL vs NYK,33.80000000000001,Franz Wagner,0.4,0.9,0.0,0.626666666666667,41.3
0022500270,213,115,98,17,0,2025-11-22,NOP vs ATL,27.1,Kristaps Porziņģis,0.15000000000000002,0.21666666666666667,0.0,0.4033333333333334,19.9
0022500271,241,121,120,1,0,2025-11-22,CHI vs WAS,24.799999999999994,Nikola Vučević,0.95,0.6833333333333333,0.0,0.32666666666666644,56.0
0022500272,245,129,116,13,0,2025-11-22,MIL vs DET,26.7,Cade Cunningham,0.35,0.75,0.0,0.38999999999999996,31.2
0022500273,198,102,96,6,0,2025-11-22,DAL vs MEM,19.000000000000004,Santi Aldama,0.7,0.0,0.0,0.13333333333333344,35.5
0022500274,251,128,123,5,0,2025-11-22,DEN vs SAC,38.4,Nikola Jokić,0.75,0.85,0.0,0.7799999999999999,61.4
0022500275,244,127,117,10,0,2025-11-23,PHI vs MIA,25.099999999999994,Norman Powell,0.5,0.7333333333333333,0.0,0.3366666666666665,36.3
0022500276,223,113,110,3,0,2025-11-23,ATL vs CHA,28.1,Jalen Johnson,0.85,0.38333333333333336,0.0,0.4366666666666667,53.3
0022500277,267,138,129,9,0,2025-11-23,BOS vs ORL,27.599999999999998,Jaylen Brown,0.55,1.0,0.0,0.41999999999999993,42.4
0022500278,225,120,105,15,0,2025-11-23,CLE vs LAC,32.800000000000004,Donovan Mitchell,0.25,0.4166666666666667,0.0,0.5933333333333335,31.1
0022500279,228,119,109,10,0,2025-11-23,TOR vs BKN,20.9,Tyrese Martin,0.5,0.4666666666666667,0.0,0.19666666666666663,30.7
0022500280,217,122,95,27,0,2025-11-23,OKC vs POR,36.599999999999994,Shai Gilgeous-Alexander,0.0,0.2833333333333333,0.0,0.7199999999999999,23.0
0022500281,213,111,102,9,0,2025-11-23,PHX vs SAS,19.5,De'Aaron Fox,0.55,0.21666666666666667,0.0,0.15,30.3
0022500282,214,108,106,2,0,2025-11-23,UTA vs LAL,24.500000000000004,Luka Dončić,0.9,0.23333333333333334,0.0,0.31666666666666676,51.2
0022500283,239,122,117,5,0,2025-11-24,IND vs DET,21.7,Pascal Siakam,0.75,0.65,0.0,0.2233333333333333,43.7
0022500284,209,110,99,11,0,2025-11-24,TOR vs CLE,20.900000000000002,Brandon Ingram,0.44999999999999996,0.15,0.0,0.19666666666666674,26.9
0022500285,213,113,100,13,0,2025-11-24,BKN vs NYK,35.7,Karl-Anthony Towns,0.35,0.21666666666666667,0.0,0.6900000000000001,37.5
0022500286,208,106,102,4,0,2025-11-24,MIA vs DAL,20.500000000000004,Tyler Herro,0.8,0.13333333333333333,0.0,0.18333333333333346,42.2
0022500287,240,125,115,10,0,2025-11-24,MEM vs DEN,25.499999999999996,Nikola Jokić,0.5,0.6666666666666666,0.0,0.34999999999999987,36.3
0022500288,218,115,103,12,0,2025-11-24,MIL vs POR,27.1,Jerami Grant,0.4,0.3,0.0,0.4033333333333334,31.6
0022500289,273,143,130,13,0,2025-11-24,NOP vs CHI,22.800000000000004,Zion Williamson,0.35,1.0,0.0,0.2600000000000001,28.6
0022500290,206,114,92,22,0,2025-11-24,PHX vs HOU,24.399999999999995,Amen Thompson,0.0,0.1,0.0,0.3133333333333332,9.9
0022500291,251,134,117,17,0,2025-11-24,GSW vs UTA,25.6,Keyonte George,0.15000000000000002,0.85,0.0,0.3533333333333334,21.6
0022500292,229,117,112,5,1,2025-11-24,SAC vs MIN,33.9,Anthony Edwards,0.75,0.48333333333333334,0.7,0.63,69.1
0022500057,245,132,113,19,0,2025-11-25,WAS vs ATL,37.4,CJ McCollum,0.050000000000000044,0.75,0.0,0.7466666666666666,28.4
0022500058,247,144,103,41,0,2025-11-25,PHI vs ORL,23.099999999999998,Anthony Black,0.0,0.7833333333333333,0.0,0.2699999999999999,12.0
0022500059,253,135,118,17,0,2025-11-25,LAL vs LAC,37.50000000000001,Luka Dončić,0.15000000000000002,0.8833333333333333,0.0,0.7500000000000002,33.7
0022500060,231,117,114,3,0,2025-11-26,BOS vs DET,31.4,Cade Cunningham,0.85,0.5166666666666667,0.0,0.5466666666666666,57.2
0022500061,230,129,101,28,0,2025-11-26,CHA vs NYK,23.2,Josh Hart,0.0,0.5,0.0,0.2733333333333333,10.7
0022500062,209,106,103,3,0,2025-11-26,MIA vs MIL,28.999999999999996,Tyler Herro,0.85,0.15,0.0,0.46666666666666656,53.0
0022500063,192,97,95,2,0,2025-11-26,TOR vs IND,20.900000000000002,Scottie Barnes,0.9,0.0,0.0,0.19666666666666674,46.4
0022500064,218,113,105,8,0,2025-11-26,OKC vs MIN,37.5,Shai Gilgeous-Alexander,0.6,0.3,0.0,0.75,51.0
0022500065,261,133,128,5,1,2025-11-26,NOP vs MEM,22.0,Jaylen Wells,0.75,1.0,0.7,0.23333333333333334,59.8
0022500066,204,104,100,4,0,2025-11-26,GSW vs HOU,24.9,Reed Sheppard,0.8,0.06666666666666667,0.0,0.32999999999999996,46.2
0022500067,217,115,102,13,0,2025-11-26,POR vs SAS,31.199999999999996,De'Aaron Fox,0.35,0.2833333333333333,0.0,0.5399999999999998,33.4
0022500068,212,112,100,12,0,2025-11-26,SAC vs PHX,26.100000000000005,Mark Williams,0.4,0.2,0.0,0.37000000000000016,30.1
0022500069,253,130,123,7,0,2025-11-28,ATL vs CLE,30.199999999999996,Jalen Johnson,0.65,0.8833333333333333,0.0,0.5066666666666665,48.9
0022500070,218,115,103,12,0,2025-11-28,BKN vs PHI,21.099999999999998,Tyrese Maxey,0.4,0.3,0.0,0.20333333333333325,25.6
0022500071,239,123,116,7,0,2025-11-28,CHA vs CHI,26.800000000000004,Josh Giddey,0.65,0.65,0.0,0.3933333333333335,44.3
0022500072,221,112,109,3,0,2025-11-28,DET vs ORL,29.200000000000003,Cade Cunningham,0.85,0.35,0.0,0.47333333333333344,54.2
0022500073,205,119,86,33,0,2025-11-28,IND vs WAS,20.699999999999996,Pascal Siakam,0.0,0.08333333333333333,0.0,0.18999999999999986,6.1
0022500074,227,118,109,9,0,2025-11-28,NYK vs MIL,29.5,Giannis Antetokounmpo,0.55,0.45,0.0,0.48333333333333334,41.5
0022500075,242,123,119,4,0,2025-11-28,OKC vs PHX,31.5,Shai Gilgeous-Alexander,0.8,0.7,0.0,0.55,56.0
0022500076,275,139,136,3,0,2025-11-28,DEN vs SAS,31.400000000000006,Jamal Murray,0.85,1.0,0.0,0.5466666666666669,59.6
0022500077,247,128,119,9,0,2025-11-28,UTA vs SAC,23.200000000000003,Keegan Murray,0.55,0.7833333333333333,0.0,0.27333333333333343,36.9
0022500078,248,129,119,10,0,2025-11-28,LAL vs DAL,35.00000000000001,Austin Reaves,0.5,0.8,0.0,0.6666666666666669,46.5
0022500079,219,112,107,5,0,2025-11-28,LAC vs MEM,29.1,Kawhi Leonard,0.75,0.31666666666666665,0.0,0.47000000000000003,49.4
0022500293,234,119,115,4,0,2025-11-29,MIN vs BOS,32.599999999999994,Jaylen Brown,0.8,0.5666666666666667,0.0,0.5866666666666664,56.4
0022500294,229,118,111,7,1,2025-11-29,CHA vs TOR,29.599999999999994,Scottie Barnes,0.65,0.48333333333333334,0.7,0.48666666666666647,60.3
0022500295,204,103,101,2,0,2025-11-29,IND vs CHI,20.2,Pascal Siakam,0.9,0.06666666666666667,0.0,0.1733333333333333,46.0
0022500296,273,138,135,3,0,2025-11-29,MIA vs DET,30.7,Andrew Wiggins,0.85,1.0,0.0,0.5233333333333333,59.0
0022500297,215,116,99,17,0,2025-11-29,MIL vs BKN,25.899999999999995,Giannis Antetokounmpo,0.15000000000000002,0.25,0.0,0.3633333333333332,18.9
0022500298,200,104,96,8,0,2025-11-29,GSW vs NOP,24.1,Jimmy Butler III,0.6,0.0,0.0,0.3033333333333334,36.1
0022500299,242,130,112,18,0,2025-11-29,PHX vs DEN,29.000000000000007,Nikola Jokić,0.09999999999999998,0.7,0.0,0.4666666666666669,22.0
0022500300,224,114,110,4,0,2025-11-29,LAC vs DAL,24.000000000000004,Cooper Flagg,0.8,0.4,0.0,0.3000000000000001,47.0
0022500301,230,129,101,28,0,2025-11-30,UTA vs HOU,26.400000000000002,Kevin Durant,0.0,0.5,0.0,0.38000000000000006,13.9
0022500302,232,117,115,2,0,2025-11-30,CLE vs BOS,32.4,Payton Pritchard,0.9,0.5333333333333333,0.0,0.58,60.6
0022500303,210,116,94,22,0,2025-11-30,NYK vs TOR,23.5,Josh Hart,0.0,0.16666666666666666,0.0,0.2833333333333333,9.3
0022500304,276,142,134,8,2,2025-11-30,PHI vs ATL,32.7,Jalen Johnson,0.6,1.0,1.0,0.5900000000000001,69.7
0022500305,238,123,115,8,0,2025-11-30,POR vs OKC,35.50000000000001,Deni Avdija,0.6,0.6333333333333333,0.0,0.6833333333333336,50.7
0022500306,237,125,112,13,0,2025-11-30,MIN vs SAS,25.7,Julius Randle,0.35,0.6166666666666667,0.0,0.35666666666666663,29.5
0022500307,222,115,107,8,0,2025-11-30,SAC vs MEM,28.4,Zach Edey,0.6,0.36666666666666664,0.0,0.4466666666666666,42.2
0022500308,254,133,121,12,0,2025-11-30,LAL vs NOP,30.4,Luka Dončić,0.4,0.9,0.0,0.5133333333333333,37.9
0022500309,197,99,98,1,0,2025-12-01,DET vs ATL,24.300000000000004,Jalen Johnson,0.95,0.0,0.0,0.31000000000000016,52.0
0022500310,254,135,119,16,0,2025-12-01,IND vs CLE,34.0,Donovan Mitchell,0.19999999999999996,0.9,0.0,0.6333333333333333,32.5
0022500311,255,129,126,3,0,2025-12-01,WAS vs MIL,29.799999999999997,Kevin Porter Jr.,0.85,0.9166666666666666,0.0,0.49333333333333323,57.6
0022500312,219,116,103,13,0,2025-12-01,BKN vs CHA,27.100000000000005,Michael Porter Jr.,0.35,0.31666666666666665,0.0,0.4033333333333335,29.4
0022500313,263,140,123,17,0,2025-12-01,MIA vs LAC,30.800000000000004,Kawhi Leonard,0.15000000000000002,1.0,0.0,0.5266666666666668,27.6
0022500314,245,125,120,5,0,2025-12-01,ORL vs CHI,33.8,Desmond Bane,0.75,0.75,0.0,0.6266666666666666,56.3
0022500315,252,131,121,10,0,2025-12-01,DEN vs DAL,32.1,Nikola Jokić,0.5,0.8666666666666667,0.0,0.5700000000000001,43.9
0022500316,258,133,125,8,0,2025-12-01,UTA vs HOU,35.99999999999999,Alperen Sengun,0.6,0.9666666666666667,0.0,0.6999999999999997,52.8
0022500317,233,125,108,17,0,2025-12-01,LAL vs PHX,23.0,Collin Gillespie,0.15000000000000002,0.55,0.0,0.26666666666666666,17.5
0022500318,223,121,102,19,0,2025-12-02,PHI vs WAS,31.3,Tyrese Maxey,0.050000000000000044,0.38333333333333336,0.0,0.5433333333333333,20.5
0022500319,239,121,118,3,0,2025-12-02,TOR vs POR,23.2,Immanuel Quickley,0.85,0.65,0.0,0.2733333333333333,49.7
0022500320,240,123,117,6,0,2025-12-02,BOS vs NYK,33.4,Mikal Bridges,0.7,0.6666666666666666,0.0,0.6133333333333333,53.2
0022500321,291,149,142,7,1,2025-12-02,NOP vs MIN,29.0,Anthony Edwards,0.65,1.0,0.7,0.4666666666666667,62.2
0022500322,245,126,119,7,0,2025-12-02,SAS vs MEM,26.0,Harrison Barnes,0.65,0.75,0.0,0.36666666666666664,44.0
0022500323,236,124,112,12,0,2025-12-02,GSW vs OKC,31.2,Shai Gilgeous-Alexander,0.4,0.6,0.0,0.5399999999999999,37.2
0022500324,232,122,110,12,0,2025-12-03,CLE vs POR,25.999999999999996,Evan Mobley,0.4,0.5333333333333333,0.0,0.36666666666666653,31.7
0022500325,255,135,120,15,0,2025-12-03,IND vs DEN,46.3,Jamal Murray,0.25,0.9166666666666666,0.0,1.0,45.8
0022500326,226,114,112,2,0,2025-12-03,ORL vs SAS,24.000000000000004,Franz Wagner,0.9,0.43333333333333335,0.0,0.3000000000000001,51.7
0022500327,207,115,92,23,0,2025-12-03,ATL vs LAC,23.3,James Harden,0.0,0.11666666666666667,0.0,0.27666666666666667,8.9
0022500328,223,119,104,15,0,2025-12-03,NYK vs CHA,34.80000000000001,Karl-Anthony Towns,0.25,0.38333333333333336,0.0,0.6600000000000004,33.0
0022500329,216,113,103,10,0,2025-12-03,CHI vs BKN,29.799999999999997,Josh Giddey,0.5,0.26666666666666666,0.0,0.49333333333333323,38.6
0022500330,216,121,95,26,0,2025-12-03,HOU vs SAC,24.100000000000005,Alperen Sengun,0.0,0.26666666666666666,0.0,0.3033333333333335,10.4
0022500331,222,113,109,4,0,2025-12-03,MIL vs DET,18.6,Ryan Rollins,0.8,0.36666666666666664,0.0,0.12000000000000005,41.4
0022500332,226,118,108,10,0,2025-12-03,DAL vs MIA,21.0,Kel'el Ware,0.5,0.43333333333333335,0.0,0.2,30.7
0022500333,197,99,98,1,0,2025-12-04,PHI vs GSW,22.5,Tyrese Maxey,0.95,0.0,0.0,0.25,50.2
0022500334,247,146,101,45,0,2025-12-04,WAS vs BOS,26.3,Derrick White,0.0,0.7833333333333333,0.0,0.3766666666666667,15.2
0022500335,233,123,110,13,0,2025-12-04,BKN vs UTA,25.3,Keyonte George,0.35,0.55,0.0,0.3433333333333334,28.8
0022500336,243,123,120,3,0,2025-12-04,TOR vs LAL,36.0,Austin Reaves,0.85,0.7166666666666667,0.0,0.7,62.8
0022500337,241,125,116,9,0,2025-12-04,NOP vs MIN,20.599999999999998,Naz Reid,0.55,0.6833333333333333,0.0,0.1866666666666666,33.8
0022500338,231,126,105,21,0,2025-12-05,BOS vs LAL,29.1,Austin Reaves,0.0,0.5166666666666667,0.0,0.47000000000000003,16.7
0022500339,211,106,105,1,0,2025-12-05,ORL vs MIA,22.399999999999995,Franz Wagner,0.95,0.18333333333333332,0.0,0.2466666666666665,51.1
0022500340,267,134,133,1,0,2025-12-05,ATL vs DEN,35.00000000000001,Nikola Jokić,0.95,1.0,0.0,0.6666666666666669,67.8
0022500341,247,130,117,13,0,2025-12-05,CLE vs SAS,23.1,Donovan Mitchell,0.35,0.7833333333333333,0.0,0.2700000000000001,27.8
0022500342,238,122,116,6,0,2025-12-05,DET vs POR,31.1,Cade Cunningham,0.7,0.6333333333333333,0.0,0.5366666666666667,50.8
0022500343,258,146,112,34,0,2025-12-05,NYK vs UTA,27.300000000000004,Jalen Brunson,0.0,0.9666666666666667,0.0,0.41000000000000014,17.1
0022500344,197,111,86,25,0,2025-12-05,TOR vs CHA,22.9,Immanuel Quickley,0.0,0.0,0.0,0.2633333333333333,7.9
0022500345,225,120,105,15,0,2025-12-05,CHI vs IND,26.700000000000003,Pascal Siakam,0.25,0.4166666666666667,0.0,0.39000000000000007,25.0
0022500346,215,117,98,19,0,2025-12-05,HOU vs PHX,24.199999999999996,Kevin Durant,0.050000000000000044,0.25,0.0,0.30666666666666653,12.7
0022500347,205,107,98,9,0,2025-12-05,MEM vs LAC,22.5,Cedric Coward,0.55,0.08333333333333333,0.0,0.25,32.7
0022500348,217,116,101,15,0,2025-12-05,MIL vs PHI,18.5,Kevin Porter Jr.,0.25,0.2833333333333333,0.0,0.11666666666666667,16.2
0022500349,243,132,111,21,0,2025-12-05,OKC vs DAL,31.000000000000007,Shai Gilgeous-Alexander,0.0,0.7166666666666667,0.0,0.5333333333333335,19.6
0022500350,220,119,101,18,0,2025-12-06,BKN vs NOP,30.400000000000006,Michael Porter Jr.,0.09999999999999998,0.3333333333333333,0.0,0.5133333333333335,21.6
0022500351,247,131,116,15,0,2025-12-06,WAS vs ATL,32.0,Jalen Johnson,0.25,0.7833333333333333,0.0,0.5666666666666667,32.2
0022500352,193,99,94,5,0,2025-12-06,CLE vs GSW,18.7,Pat Spencer,0.75,0.0,0.0,0.12333333333333331,37.4
0022500353,236,124,112,12,0,2025-12-06,DET vs MIL,33.5,Kevin Porter Jr.,0.4,0.6,0.0,0.6166666666666667,39.5
0022500354,238,127,111,16,0,2025-12-06,MIA vs SAC,31.600000000000005,Zach LaVine,0.19999999999999996,0.6333333333333333,0.0,0.5533333333333335,28.8
0022500355,215,109,106,3,0,2025-12-06,MIN vs LAC,29.4,James Harden,0.85,0.25,0.0,0.4799999999999999,53.9
0022500356,231,122,109,13,0,2025-12-06,DAL vs HOU,27.000000000000004,Anthony Davis,0.35,0.5166666666666667,0.0,0.40000000000000013,30.3
0022500357,206,106,100,6,0,2025-12-07,NYK vs ORL,21.200000000000003,Jalen Brunson,0.7,0.1,0.0,0.20666666666666675,38.2
0022500358,234,121,113,8,0,2025-12-07,TOR vs BOS,26.100000000000005,Jaylen Brown,0.6,0.5666666666666667,0.0,0.37000000000000016,40.9
0022500359,221,115,106,9,0,2025-12-07,CHA vs DEN,27.400000000000002,Nikola Jokić,0.55,0.35,0.0,0.4133333333333334,38.9
0022500360,215,119,96,23,0,2025-12-07,MEM vs POR,21.1,Santi Aldama,0.0,0.25,0.0,0.2033333333333334,7.4
0022500361,214,123,91,32,0,2025-12-07,CHI vs GSW,21.0,Brandin Podziemski,0.0,0.23333333333333334,0.0,0.2,7.2
0022500362,220,112,108,4,0,2025-12-07,PHI vs LAL,27.5,LeBron James,0.8,0.3333333333333333,0.0,0.4166666666666667,50.2
0022500363,232,131,101,30,0,2025-12-07,UTA vs OKC,25.0,Jalen Williams,0.0,0.5333333333333333,0.0,0.3333333333333333,12.7
0022500364,221,116,105,11,0,2025-12-08,IND vs SAC,29.1,Russell Westbrook,0.44999999999999996,0.35,0.0,0.47000000000000003,36.1
0022500365,213,108,105,3,0,2025-12-08,MIN vs PHX,33.800000000000004,Anthony Edwards,0.85,0.21666666666666667,0.0,0.6266666666666668,58.1
0022500366,267,135,132,3,0,2025-12-08,NOP vs SAS,32.99999999999999,Derik Queen,0.85,1.0,0.0,0.5999999999999998,61.2
0022501201,225,117,108,9,0,2025-12-09,ORL vs MIA,29.9,Desmond Bane,0.55,0.4166666666666667,0.0,0.49666666666666665,41.7
0022501202,218,117,101,16,0,2025-12-09,TOR vs NYK,27.100000000000005,Jalen Brunson,0.19999999999999996,0.3,0.0,0.4033333333333335,22.6
0022501203,227,138,89,49,0,2025-12-10,OKC vs PHX,26.8,Shai Gilgeous-Alexander,0.0,0.45,0.0,0.39333333333333337,14.0
0022501204,251,132,119,13,0,2025-12-10,LAL vs SAS,25.4,Stephon Castle,0.35,0.85,0.0,0.3466666666666666,30.4
0022501205,228,115,113,2,0,2025-12-11,HOU vs LAC,31.800000000000004,Ivica Zubac,0.9,0.4666666666666667,0.0,0.5600000000000002,59.6
0022501206,217,116,101,15,0,2025-12-11,MIL vs BOS,26.299999999999997,Bobby Portis,0.25,0.2833333333333333,0.0,0.3766666666666666,24.0
0022501207,263,143,120,23,0,2025-12-11,NOP vs POR,24.400000000000006,Trey Murphy III,0.0,1.0,0.0,0.3133333333333335,14.4
0022501208,241,136,105,31,0,2025-12-11,SAC vs DEN,39.4,Nikola Jokić,0.0,0.6833333333333333,0.0,0.8133333333333332,27.8
0022501209,255,129,126,3,0,2025-12-12,CHA vs CHI,28.499999999999996,Kon Knueppel,0.85,0.9166666666666666,0.0,0.4499999999999999,56.3
0022501210,257,142,115,27,0,2025-12-12,DET vs ATL,18.599999999999998,Dyson Daniels,0.0,0.95,0.0,0.11999999999999993,8.3
0022501211,220,115,105,10,0,2025-12-12,PHI vs IND,28.099999999999998,Joel Embiid,0.5,0.3333333333333333,0.0,0.4366666666666666,37.3
0022501212,256,130,126,4,0,2025-12-12,WAS vs CLE,35.699999999999996,Donovan Mitchell,0.8,0.9333333333333333,0.0,0.6899999999999998,61.4
0022501213,256,130,126,4,0,2025-12-12,MEM vs UTA,34.6,Keyonte George,0.8,0.9333333333333333,0.0,0.6533333333333334,60.3
0022501214,230,119,111,8,0,2025-12-12,DAL vs BKN,22.899999999999995,Michael Porter Jr.,0.6,0.5,0.0,0.26333333333333314,37.4
0022501215,247,127,120,7,0,2025-12-12,GSW vs MIN,26.8,Stephen Curry,0.65,0.7833333333333333,0.0,0.39333333333333337,45.0
0022501229,252,132,120,12,0,2025-12-13,ORL vs NYK,30.5,Jalen Brunson,0.4,0.8666666666666667,0.0,0.5166666666666667,37.8
0022501230,220,111,109,2,0,2025-12-13,OKC vs SAS,20.099999999999998,Devin Vassell,0.9,0.3333333333333333,0.0,0.16999999999999993,47.3
0022501216,197,108,89,19,0,2025-12-14,IND vs WAS,21.400000000000002,Marvin Bagley III,0.050000000000000044,0.0,0.0,0.2133333333333334,8.7
0022501217,237,120,117,3,0,2025-12-14,ATL vs PHI,26.3,Paul George,0.85,0.6166666666666667,0.0,0.3766666666666667,52.6
0022501218,230,119,111,8,1,2025-12-14,CLE vs CHA,21.099999999999998,Kon Knueppel,0.6,0.5,0.7,0.20333333333333325,49.6
0022501219,209,127,82,45,0,2025-12-14,BKN vs MIL,17.3,Day'Ron Sharpe,0.0,0.15,0.0,0.07666666666666669,3.1
0022501220,220,117,103,14,0,2025-12-14,MIN vs SAC,19.3,Naz Reid,0.30000000000000004,0.3333333333333333,0.0,0.14333333333333337,19.5
0022501221,267,136,131,5,0,2025-12-14,POR vs GSW,39.2,Stephen Curry,0.75,1.0,0.0,0.8066666666666668,63.0
0022501223,218,114,104,10,0,2025-12-14,CHI vs NOP,16.799999999999997,Trey Murphy III,0.5,0.3,0.0,0.05999999999999991,25.8
0022501228,230,116,114,2,0,2025-12-14,PHX vs LAL,23.3,Devin Booker,0.9,0.5,0.0,0.27666666666666667,51.3
0022501222,217,112,105,7,0,2025-12-15,BOS vs DET,26.099999999999998,Jaylen Brown,0.65,0.2833333333333333,0.0,0.36999999999999994,41.8
0022501224,273,140,133,7,1,2025-12-15,UTA vs DAL,32.099999999999994,Lauri Markkanen,0.65,1.0,0.7,0.5699999999999998,65.4
0022501225,253,128,125,3,1,2025-12-15,DEN vs HOU,33.50000000000001,Nikola Jokić,0.85,0.8833333333333333,0.7,0.6166666666666669,75.2
0022501226,224,121,103,18,0,2025-12-15,LAC vs MEM,29.500000000000004,Jaren Jackson Jr.,0.09999999999999998,0.4,0.0,0.48333333333333345,21.0
0022501227,202,106,96,10,0,2025-12-15,MIA vs TOR,19.600000000000005,Brandon Ingram,0.5,0.03333333333333333,0.0,0.1533333333333335,27.3
0062500001,237,124,113,11,0,2025-12-16,NYK vs SAS,24.8,OG Anunoby,0.44999999999999996,0.6166666666666667,0.0,0.3266666666666667,33.1
0022500367,238,127,111,16,0,2025-12-17,CHI vs CLE,23.499999999999996,Josh Giddey,0.19999999999999996,0.6333333333333333,0.0,0.2833333333333332,20.7
0022500368,226,116,110,6,0,2025-12-17,MIN vs MEM,23.0,Jaren Jackson Jr.,0.7,0.43333333333333335,0.0,0.26666666666666666,41.7
0022500369,223,122,101,21,0,2025-12-18,OKC vs LAC,27.900000000000002,Shai Gilgeous-Alexander,0.0,0.38333333333333336,0.0,0.43000000000000005,14.8
0022500370,213,119,94,25,0,2025-12-18,SAS vs WAS,21.5,Dylan Harper,0.0,0.21666666666666667,0.0,0.21666666666666667,7.6
0022500371,259,133,126,7,0,2025-12-18,CHA vs ATL,37.0,Jalen Johnson,0.65,0.9833333333333333,0.0,0.7333333333333333,56.2
0022500372,227,114,113,1,0,2025-12-18,IND vs NYK,22.6,Andrew Nembhard,0.95,0.45,0.0,0.25333333333333335,52.6
0022500373,201,106,95,11,0,2025-12-18,BKN vs MIA,25.000000000000004,Kel'el Ware,0.44999999999999996,0.016666666666666666,0.0,0.3333333333333334,30.3
0022500374,216,111,105,6,0,2025-12-18,MIL vs TOR,22.099999999999998,Brandon Ingram,0.7,0.26666666666666666,0.0,0.2366666666666666,39.9
0022500375,261,133,128,5,1,2025-12-18,NOP vs HOU,26.799999999999997,Kevin Durant,0.75,1.0,0.7,0.39333333333333326,64.6
0022500376,230,116,114,2,1,2025-12-18,DAL vs DET,21.099999999999998,Cooper Flagg,0.9,0.5,0.7,0.20333333333333325,63.1
0022500377,241,126,115,11,0,2025-12-18,DEN vs ORL,24.7,Wendell Carter Jr.,0.44999999999999996,0.6833333333333333,0.0,0.3233333333333333,33.4
0022500378,197,99,98,1,0,2025-12-18,PHX vs GSW,25.1,Jimmy Butler III,0.95,0.0,0.0,0.3366666666666667,52.8
0022500379,278,143,135,8,0,2025-12-18,UTA vs LAL,46.900000000000006,Luka Dončić,0.6,1.0,0.0,1.0,62.0
0022500380,267,134,133,1,1,2025-12-18,POR vs SAC,27.5,DeMar DeRozan,0.95,1.0,0.7,0.4166666666666667,74.2
0022500381,245,129,116,13,0,2025-12-19,BOS vs MIA,30.5,Derrick White,0.35,0.75,0.0,0.5166666666666667,35.0
0022500382,223,116,107,9,0,2025-12-19,NYK vs PHI,26.3,Mitchell Robinson,0.55,0.38333333333333336,0.0,0.3766666666666667,38.0
0022500383,224,126,98,28,0,2025-12-19,ATL vs SAS,25.199999999999996,Victor Wembanyama,0.0,0.4,0.0,0.33999999999999986,12.2
0022500384,261,136,125,11,0,2025-12-19,CLE vs CHI,24.500000000000007,Darius Garland,0.44999999999999996,1.0,0.0,0.31666666666666693,34.8
0022500385,219,112,107,5,0,2025-12-19,MIN vs OKC,27.199999999999996,Shai Gilgeous-Alexander,0.75,0.31666666666666665,0.0,0.4066666666666665,47.5
0022500386,216,115,101,14,0,2025-12-20,DEN vs HOU,27.7,Reed Sheppard,0.30000000000000004,0.26666666666666666,0.0,0.4233333333333333,27.5
0022500387,235,121,114,7,0,2025-12-20,PHI vs DAL,27.400000000000002,Tyrese Maxey,0.65,0.5833333333333334,0.0,0.4133333333333334,44.6
0022500388,208,112,96,16,0,2025-12-20,TOR vs BOS,30.300000000000004,Payton Pritchard,0.19999999999999996,0.13333333333333333,0.0,0.5100000000000001,25.0
0022500389,237,128,109,19,0,2025-12-20,NOP vs IND,24.2,Zion Williamson,0.050000000000000044,0.6166666666666667,0.0,0.30666666666666664,14.5
0022500390,198,112,86,26,0,2025-12-20,DET vs CHA,20.8,Cade Cunningham,0.0,0.0,0.0,0.19333333333333336,5.8
0022500391,252,130,122,8,0,2025-12-20,MEM vs WAS,32.20000000000001,Santi Aldama,0.6,0.8666666666666667,0.0,0.5733333333333337,48.5
0022500392,235,119,116,3,0,2025-12-20,GSW vs PHX,29.300000000000004,Devin Booker,0.85,0.5833333333333334,0.0,0.4766666666666668,55.5
0022500393,255,128,127,1,1,2025-12-20,UTA vs ORL,21.500000000000004,Desmond Bane,0.95,0.9166666666666666,0.7,0.21666666666666679,67.8
0022500394,191,98,93,5,0,2025-12-20,SAC vs POR,17.2,Deni Avdija,0.75,0.0,0.0,0.0733333333333333,36.0
0022500395,191,103,88,15,0,2025-12-20,LAC vs LAL,27.100000000000005,Kawhi Leonard,0.25,0.0,0.0,0.4033333333333335,23.4
0022500396,302,152,150,2,0,2025-12-21,ATL vs CHI,34.4,Jalen Johnson,0.9,1.0,0.0,0.6466666666666666,64.9
0022500397,177,96,81,15,0,2025-12-21,BKN vs TOR,19.000000000000004,Michael Porter Jr.,0.25,0.0,0.0,0.13333333333333344,15.3
0022500398,257,132,125,7,0,2025-12-21,NYK vs MIA,39.3,Jalen Brunson,0.65,0.95,0.0,0.8099999999999999,58.3
0022500399,237,124,113,11,0,2025-12-21,WAS vs SAS,23.500000000000004,De'Aaron Fox,0.44999999999999996,0.6166666666666667,0.0,0.28333333333333344,31.8
0022500400,203,103,100,3,0,2025-12-21,MIN vs MIL,22.9,Kevin Porter Jr.,0.85,0.05,0.0,0.2633333333333333,46.4
0022500401,249,125,124,1,1,2025-12-21,SAC vs HOU,26.700000000000003,DeMar DeRozan,0.95,0.8166666666666667,0.7,0.39000000000000007,72.5
0022500402,271,139,132,7,0,2025-12-22,CLE vs CHA,26.5,Darius Garland,0.65,1.0,0.0,0.38333333333333336,45.8
0022500403,198,103,95,8,0,2025-12-22,BOS vs IND,21.999999999999996,Jaylen Brown,0.6,0.0,0.0,0.23333333333333323,34.0
0022500404,232,119,113,6,0,2025-12-22,NOP vs DAL,26.4,Anthony Davis,0.7,0.5333333333333333,0.0,0.37999999999999995,45.6
0022500405,247,135,112,23,0,2025-12-22,DEN vs UTA,25.8,Nikola Jokić,0.0,0.7833333333333333,0.0,0.36000000000000004,14.7
0022500406,222,119,103,16,0,2025-12-22,OKC vs MEM,28.5,Shai Gilgeous-Alexander,0.19999999999999996,0.36666666666666664,0.0,0.45,24.3
0022500407,217,120,97,23,0,2025-12-22,GSW vs ORL,21.3,Jimmy Butler III,0.0,0.2833333333333333,0.0,0.21000000000000002,7.7
0022500408,212,110,102,8,0,2025-12-22,POR vs DET,26.699999999999992,Jalen Duren,0.6,0.2,0.0,0.38999999999999974,39.7
0022500409,235,126,109,17,0,2025-12-23,CHA vs WAS,22.400000000000006,LaMelo Ball,0.15000000000000002,0.5833333333333334,0.0,0.24666666666666687,17.1
0022500410,220,114,106,8,0,2025-12-23,PHI vs BKN,21.7,Joel Embiid,0.6,0.3333333333333333,0.0,0.2233333333333333,35.4
0022500411,249,126,123,3,0,2025-12-23,ATL vs CHI,24.200000000000003,Trae Young,0.85,0.8166666666666667,0.0,0.30666666666666675,51.5
0022500412,259,141,118,23,0,2025-12-23,CLE vs NOP,23.099999999999998,Sam Merrill,0.0,0.9833333333333333,0.0,0.2699999999999999,13.0
0022500413,205,111,94,17,0,2025-12-23,IND vs MIL,23.400000000000002,Kevin Porter Jr.,0.15000000000000002,0.08333333333333333,0.0,0.2800000000000001,15.6
0022500414,203,112,91,21,0,2025-12-23,MIA vs TOR,23.400000000000006,Scottie Barnes,0.0,0.05,0.0,0.2800000000000002,8.7
0022500415,261,131,130,1,0,2025-12-23,DAL vs DEN,33.00000000000001,Cooper Flagg,0.95,1.0,0.0,0.6000000000000002,65.8
0022500416,219,115,104,11,0,2025-12-23,MIN vs NYK,29.2,Anthony Edwards,0.44999999999999996,0.31666666666666665,0.0,0.47333333333333333,36.0
0022500417,240,130,110,20,0,2025-12-23,SAS vs OKC,26.900000000000002,Shai Gilgeous-Alexander,0.0,0.6666666666666666,0.0,0.3966666666666667,15.2
0022500418,240,132,108,24,0,2025-12-23,PHX vs LAL,21.5,Mark Williams,0.0,0.6666666666666666,0.0,0.21666666666666667,9.8
0022500419,265,137,128,9,0,2025-12-23,UTA vs MEM,29.9,Santi Aldama,0.55,1.0,0.0,0.49666666666666665,44.6
0022500420,216,110,106,4,0,2025-12-23,POR vs ORL,19.099999999999994,Desmond Bane,0.8,0.26666666666666666,0.0,0.13666666666666646,41.4
0022500421,263,136,127,9,0,2025-12-23,SAC vs DET,33.099999999999994,DeMar DeRozan,0.55,1.0,0.0,0.6033333333333332,47.8
0022500422,236,128,108,20,0,2025-12-23,LAC vs HOU,34.800000000000004,Kawhi Leonard,0.0,0.6,0.0,0.6600000000000001,22.8
0022500009,250,126,124,2,0,2025-12-25,NYK vs CLE,29.4,Donovan Mitchell,0.9,0.8333333333333334,0.0,0.4799999999999999,59.1
0022500010,219,117,102,15,0,2025-12-25,OKC vs SAS,24.1,De'Aaron Fox,0.25,0.31666666666666665,0.0,0.3033333333333334,21.9
0022500011,242,126,116,10,0,2025-12-25,GSW vs DAL,20.900000000000002,Cooper Flagg,0.5,0.7,0.0,0.19666666666666674,31.9
0022500012,215,119,96,23,0,2025-12-25,LAL vs HOU,24.599999999999994,Kevin Durant,0.0,0.25,0.0,0.3199999999999998,10.8
0022500013,280,142,138,4,1,2025-12-25,DEN vs MIN,59.8,Nikola Jokić,0.8,1.0,0.7,1.0,85.0
0022500423,237,126,111,15,0,2025-12-26,ATL vs MIA,23.000000000000004,Trae Young,0.25,0.6166666666666667,0.0,0.2666666666666668,22.3
0022500424,225,120,105,15,0,2025-12-26,ORL vs CHA,19.599999999999998,Miles Bridges,0.25,0.4166666666666667,0.0,0.15333333333333327,17.9
0022500425,255,138,117,21,0,2025-12-26,WAS vs TOR,23.899999999999995,Immanuel Quickley,0.0,0.9166666666666666,0.0,0.2966666666666665,13.5
0022500426,262,140,122,18,0,2025-12-26,IND vs BOS,24.1,Payton Pritchard,0.09999999999999998,1.0,0.0,0.3033333333333334,18.6
0022500427,211,109,102,7,0,2025-12-26,CHI vs PHI,22.2,Joel Embiid,0.65,0.18333333333333332,0.0,0.23999999999999996,37.4
0022500428,229,125,104,21,0,2025-12-26,MEM vs MIL,19.8,Cam Spencer,0.0,0.48333333333333334,0.0,0.16000000000000003,7.2
0022500429,223,115,108,7,0,2025-12-26,NOP vs PHX,25.2,Devin Booker,0.65,0.38333333333333336,0.0,0.33999999999999997,41.4
0022500430,260,131,129,2,0,2025-12-26,UTA vs DET,30.1,Cade Cunningham,0.9,1.0,0.0,0.5033333333333334,60.6
0022500431,222,119,103,16,0,2025-12-26,POR vs LAC,27.100000000000005,James Harden,0.19999999999999996,0.36666666666666664,0.0,0.4033333333333335,22.9
0022500432,220,113,107,6,0,2025-12-27,SAC vs DAL,17.400000000000002,Russell Westbrook,0.7,0.3333333333333333,0.0,0.08000000000000007,35.6
0022500433,253,127,126,1,0,2025-12-27,ORL vs DEN,36.7,Nikola Jokić,0.95,0.8833333333333333,0.0,0.7233333333333334,68.9
0022500434,237,123,114,9,0,2025-12-27,NOP vs PHX,20.099999999999998,Trey Murphy III,0.55,0.6166666666666667,0.0,0.16999999999999993,32.9
0022500435,253,128,125,3,0,2025-12-27,ATL vs NYK,32.300000000000004,Karl-Anthony Towns,0.85,0.8833333333333333,0.0,0.5766666666666668,60.0
0022500436,258,142,116,26,0,2025-12-27,MIA vs IND,28.0,Andrew Wiggins,0.0,0.9666666666666667,0.0,0.43333333333333335,17.8
0022500437,215,112,103,9,0,2025-12-27,CHI vs MIL,24.099999999999998,Giannis Antetokounmpo,0.55,0.25,0.0,0.3033333333333333,35.1
0022500438,217,117,100,17,0,2025-12-27,HOU vs CLE,24.8,Kevin Durant,0.15000000000000002,0.2833333333333333,0.0,0.3266666666666667,18.0
0022500439,230,123,107,16,0,2025-12-27,MIN vs BKN,26.400000000000002,Cam Thomas,0.19999999999999996,0.5,0.0,0.38000000000000006,22.9
0022500440,241,127,114,13,0,2025-12-27,SAS vs UTA,26.399999999999995,Victor Wembanyama,0.35,0.6833333333333333,0.0,0.37999999999999984,30.6
0022500441,268,141,127,14,1,2025-12-28,TOR vs GSW,32.7,Scottie Barnes,0.30000000000000004,1.0,0.7,0.5900000000000001,50.2
0022500442,233,129,104,25,0,2025-12-28,OKC vs PHI,26.2,Shai Gilgeous-Alexander,0.0,0.55,0.0,0.3733333333333333,14.0
0022500443,228,116,112,4,0,2025-12-28,WAS vs MEM,20.999999999999996,Jaren Jackson Jr.,0.8,0.4666666666666667,0.0,0.19999999999999987,44.3
0022500444,222,114,108,6,0,2025-12-28,POR vs BOS,22.600000000000005,Jaylen Brown,0.7,0.36666666666666664,0.0,0.2533333333333335,40.9
0022500445,211,112,99,13,0,2025-12-28,LAC vs DET,51.6,Kawhi Leonard,0.35,0.18333333333333332,0.0,1.0,46.7
0022500446,226,125,101,24,0,2025-12-28,LAL vs SAC,25.8,Luka Dončić,0.0,0.43333333333333335,0.0,0.36000000000000004,13.0
0022500447,236,123,113,10,0,2025-12-29,CHA vs MIL,24.2,Brandon Miller,0.5,0.6,0.0,0.30666666666666664,34.7
0022500448,216,115,101,14,0,2025-12-29,WAS vs PHX,25.0,Collin Gillespie,0.30000000000000004,0.26666666666666666,0.0,0.3333333333333333,24.8
0022500449,227,120,107,13,0,2025-12-29,BKN vs GSW,25.999999999999996,Michael Porter Jr.,0.35,0.45,0.0,0.36666666666666653,29.0
0022500450,270,147,123,24,0,2025-12-29,MIA vs DEN,24.399999999999995,Andrew Wiggins,0.0,1.0,0.0,0.3133333333333332,14.4
0022500451,213,107,106,1,0,2025-12-29,TOR vs ORL,24.900000000000002,Paolo Banchero,0.95,0.21666666666666667,0.0,0.33000000000000007,53.7
0022500452,237,136,101,35,0,2025-12-29,CHI vs MIN,28.4,Naz Reid,0.0,0.6166666666666667,0.0,0.4466666666666666,16.5
0022500453,245,126,119,7,0,2025-12-29,HOU vs IND,23.800000000000004,Kevin Durant,0.65,0.75,0.0,0.2933333333333335,41.8
0022500454,255,130,125,5,0,2025-12-29,NOP vs NYK,29.099999999999998,Zion Williamson,0.75,0.9166666666666666,0.0,0.4699999999999999,52.4
0022500455,269,140,129,11,0,2025-12-29,OKC vs ATL,33.20000000000001,Shai Gilgeous-Alexander,0.44999999999999996,1.0,0.0,0.606666666666667,43.5
0022500456,214,113,101,12,0,2025-12-29,SAS vs CLE,23.2,Victor Wembanyama,0.4,0.23333333333333334,0.0,0.2733333333333333,27.4
0022500457,247,125,122,3,0,2025-12-29,POR vs DAL,22.200000000000003,Max Christie,0.85,0.7833333333333333,0.0,0.2400000000000001,49.4
0022500458,275,139,136,3,1,2025-12-30,MEM vs PHI,34.9,Tyrese Maxey,0.85,1.0,0.7,0.6633333333333333,77.1
0022500459,248,129,119,10,0,2025-12-30,UTA vs BOS,30.10000000000001,Keyonte George,0.5,0.8,0.0,0.5033333333333336,41.6
0022500460,234,128,106,22,0,2025-12-30,LAL vs DET,22.5,Cade Cunningham,0.0,0.5666666666666667,0.0,0.25,10.3
0022500461,221,131,90,41,0,2025-12-30,LAC vs SAC,31.400000000000006,Kawhi Leonard,0.0,0.35,0.0,0.5466666666666669,18.2
0022500462,257,132,125,7,0,2025-12-31,CHA vs GSW,24.5,LaMelo Ball,0.65,0.95,0.0,0.31666666666666665,43.5
0022500463,228,126,102,24,0,2025-12-31,ATL vs MIN,31.9,Jalen Johnson,0.0,0.4666666666666667,0.0,0.5633333333333332,19.2
0022500464,222,112,110,2,0,2025-12-31,IND vs ORL,21.399999999999995,Paolo Banchero,0.9,0.36666666666666664,0.0,0.21333333333333318,48.7
0022500465,242,129,113,16,0,2025-12-31,CLE vs PHX,30.4,Donovan Mitchell,0.19999999999999996,0.7,0.0,0.5133333333333333,27.9
0022500466,252,134,118,16,0,2025-12-31,CHI vs NOP,25.500000000000004,Tre Jones,0.19999999999999996,0.8666666666666667,0.0,0.35000000000000014,23.8
0022500467,266,134,132,2,0,2025-12-31,SAS vs NYK,29.6,Julian Champagnie,0.9,1.0,0.0,0.4866666666666667,60.1
0022500468,209,106,103,3,0,2025-12-31,TOR vs DEN,25.5,Scottie Barnes,0.85,0.15,0.0,0.35,49.5
0022500469,227,114,113,1,0,2025-12-31,MIL vs WAS,22.499999999999996,Giannis Antetokounmpo,0.95,0.45,0.0,0.2499999999999999,52.5
0022500470,219,124,95,29,0,2025-12-31,OKC vs POR,31.500000000000004,Shai Gilgeous-Alexander,0.0,0.31666666666666665,0.0,0.5500000000000002,18.1
0022500471,216,120,96,24,0,2026-01-01,BKN vs HOU,23.200000000000003,Amen Thompson,0.0,0.26666666666666666,0.0,0.27333333333333343,9.5
0022500472,230,118,112,6,0,2026-01-01,DET vs MIA,28.099999999999994,Cade Cunningham,0.7,0.5,0.0,0.4366666666666665,47.1
0022500473,231,123,108,15,0,2026-01-01,DAL vs PHI,32.6,Tyrese Maxey,0.25,0.5166666666666667,0.0,0.5866666666666667,31.4
0022500474,226,120,106,14,0,2026-01-01,SAC vs BOS,23.7,DeMar DeRozan,0.30000000000000004,0.43333333333333335,0.0,0.29,24.4
0022500475,219,118,101,17,0,2026-01-01,LAC vs UTA,34.1,Kawhi Leonard,0.15000000000000002,0.31666666666666665,0.0,0.6366666666666667,27.4
0022500476,236,123,113,10,0,2026-01-02,IND vs SAS,19.400000000000002,Pascal Siakam,0.5,0.6,0.0,0.14666666666666675,29.9
0022500477,218,119,99,20,0,2026-01-02,WAS vs BKN,17.0,Alex Sarr,0.0,0.3,0.0,0.06666666666666667,3.5
0022500478,221,113,108,5,0,2026-01-02,CLE vs DEN,25.599999999999998,Jamal Murray,0.75,0.35,0.0,0.3533333333333333,46.1
0022500479,210,111,99,12,0,2026-01-02,NYK vs ATL,20.299999999999997,Onyeka Okongwu,0.4,0.16666666666666666,0.0,0.17666666666666658,24.1
0022500480,235,121,114,7,0,2026-01-02,CHI vs ORL,23.400000000000002,Paolo Banchero,0.65,0.5833333333333334,0.0,0.2800000000000001,40.6
0022500481,243,122,121,1,0,2026-01-02,MIL vs CHA,32.99999999999999,Ryan Rollins,0.95,0.7166666666666667,0.0,0.5999999999999998,64.3
0022500482,231,122,109,13,0,2026-01-02,NOP vs POR,32.6,Deni Avdija,0.35,0.5166666666666667,0.0,0.5866666666666667,35.9
0022500483,231,129,102,27,0,2026-01-02,PHX vs SAC,22.200000000000006,Devin Booker,0.0,0.5166666666666667,0.0,0.2400000000000002,9.8
0022500484,225,131,94,37,0,2026-01-02,GSW vs OKC,21.8,Shai Gilgeous-Alexander,0.0,0.4166666666666667,0.0,0.22666666666666668,8.9
0022500485,249,128,121,7,0,2026-01-02,LAL vs MEM,25.600000000000005,Luka Dončić,0.65,0.8166666666666667,0.0,0.3533333333333335,43.9
0022500486,240,125,115,10,0,2026-01-03,MIA vs MIN,25.900000000000002,Anthony Edwards,0.5,0.6666666666666666,0.0,0.3633333333333334,36.7
0022500487,249,130,119,11,0,2026-01-03,NYK vs PHI,28.6,Tyrese Maxey,0.44999999999999996,0.8166666666666667,0.0,0.45333333333333337,37.9
0022500488,251,134,117,17,0,2026-01-03,TOR vs ATL,26.299999999999994,Brandon Ingram,0.15000000000000002,0.85,0.0,0.3766666666666664,22.3
0022500489,211,112,99,13,0,2026-01-03,CHI vs CHA,27.1,Nikola Vučević,0.35,0.18333333333333332,0.0,0.4033333333333334,28.8
0022500490,225,115,110,5,0,2026-01-03,SAS vs POR,25.800000000000004,Luke Kornet,0.75,0.4166666666666667,0.0,0.36000000000000015,46.6
0022500491,214,110,104,6,0,2026-01-03,DAL vs HOU,25.9,Kevin Durant,0.7,0.23333333333333334,0.0,0.3633333333333333,43.6
0022500492,237,123,114,9,0,2026-01-03,GSW vs UTA,23.900000000000002,Stephen Curry,0.55,0.6166666666666667,0.0,0.29666666666666675,36.7
0022500493,261,146,115,31,0,2026-01-03,LAC vs BOS,39.800000000000004,Jaylen Brown,0.0,1.0,0.0,0.8266666666666668,29.8
0022500494,224,114,110,4,0,2026-01-04,CLE vs DET,22.599999999999998,Donovan Mitchell,0.8,0.4,0.0,0.25333333333333324,45.6
0022500495,262,135,127,8,0,2026-01-04,ORL vs IND,29.4,Desmond Bane,0.6,1.0,0.0,0.4799999999999999,46.4
0022500496,242,127,115,12,0,2026-01-04,BKN vs DEN,23.1,Jamal Murray,0.4,0.7,0.0,0.2700000000000001,29.6
0022500497,231,125,106,19,0,2026-01-04,MIA vs NOP,31.3,Norman Powell,0.050000000000000044,0.5166666666666667,0.0,0.5433333333333333,21.1
0022500498,256,141,115,26,0,2026-01-04,WAS vs MIN,27.8,Anthony Edwards,0.0,0.9333333333333333,0.0,0.4266666666666667,17.5
0022500499,213,108,105,3,0,2026-01-04,PHX vs OKC,24.2,Devin Booker,0.85,0.21666666666666667,0.0,0.30666666666666664,48.5
0022500500,213,115,98,17,0,2026-01-04,SAC vs MIL,30.900000000000006,Giannis Antetokounmpo,0.15000000000000002,0.21666666666666667,0.0,0.5300000000000001,23.7
0022500501,234,120,114,6,0,2026-01-04,LAL vs MEM,31.60000000000001,Luka Dončić,0.7,0.5666666666666667,0.0,0.5533333333333336,50.9
0022500502,211,121,90,31,0,2026-01-05,DET vs NYK,27.700000000000003,Cade Cunningham,0.0,0.18333333333333332,0.0,0.42333333333333345,13.6
0022500503,216,115,101,14,0,2026-01-05,BOS vs CHI,21.400000000000002,Matas Buzelis,0.30000000000000004,0.26666666666666666,0.0,0.2133333333333334,21.2
0022500504,218,118,100,18,0,2026-01-05,TOR vs ATL,23.799999999999997,Collin Murray-Boyles,0.09999999999999998,0.3,0.0,0.2933333333333332,14.8
0022500505,197,100,97,3,0,2026-01-05,HOU vs PHX,20.0,Kevin Durant,0.85,0.0,0.0,0.16666666666666666,43.2
0022500506,221,124,97,27,0,2026-01-05,OKC vs CHA,22.099999999999998,Brandon Miller,0.0,0.35,0.0,0.2366666666666666,8.8
0022500507,249,125,124,1,1,2026-01-05,PHI vs DEN,25.8,Tyrese Maxey,0.95,0.8166666666666667,0.7,0.36000000000000004,71.6
0022500508,205,103,102,1,0,2026-01-05,LAC vs GSW,22.7,Jimmy Butler III,0.95,0.08333333333333333,0.0,0.25666666666666665,50.9
0022500509,254,137,117,20,0,2026-01-05,POR vs UTA,30.0,Deni Avdija,0.0,0.9,0.0,0.5,19.5
0022500510,236,120,116,4,0,2026-01-06,IND vs CLE,22.500000000000004,Darius Garland,0.8,0.6,0.0,0.2500000000000001,46.5
0022500511,232,120,112,8,0,2026-01-06,WAS vs ORL,23.4,Alex Sarr,0.6,0.5333333333333333,0.0,0.27999999999999997,38.1
0022500512,211,106,105,1,0,2026-01-06,MEM vs SAS,23.1,Cam Spencer,0.95,0.18333333333333332,0.0,0.2700000000000001,51.8
0022500513,216,122,94,28,0,2026-01-06,MIN vs MIA,17.6,Anthony Edwards,0.0,0.26666666666666666,0.0,0.08666666666666671,3.9
0022500514,214,111,103,8,0,2026-01-06,NOP vs LAL,32.2,Trey Murphy III,0.6,0.23333333333333334,0.0,0.5733333333333335,45.4
0022500515,198,100,98,2,0,2026-01-06,SAC vs DAL,19.299999999999997,Cooper Flagg,0.9,0.0,0.0,0.14333333333333323,44.8
0022500516,193,97,96,1,0,2026-01-07,CHA vs TOR,17.899999999999995,RJ Barrett,0.95,0.0,0.0,0.0966666666666665,45.6
0022500517,201,108,93,15,0,2026-01-07,DET vs CHI,27.900000000000002,Isaiah Stewart,0.25,0.016666666666666666,0.0,0.43000000000000005,24.2
0022500518,241,131,110,21,0,2026-01-07,PHI vs WAS,24.1,Paul George,0.0,0.6833333333333333,0.0,0.3033333333333334,12.5
0022500519,217,117,100,17,0,2026-01-07,ATL vs NOP,18.5,Zion Williamson,0.15000000000000002,0.2833333333333333,0.0,0.11666666666666667,11.7
0022500520,224,114,110,4,0,2026-01-07,BOS vs DEN,26.299999999999997,Jamal Murray,0.8,0.4,0.0,0.3766666666666666,49.3
0022500521,207,104,103,1,1,2026-01-07,BKN vs ORL,21.4,Michael Porter Jr.,0.95,0.11666666666666667,0.7,0.2133333333333333,63.7
0022500522,234,123,111,12,0,2026-01-07,NYK vs LAC,24.9,Jalen Brunson,0.4,0.5666666666666667,0.0,0.32999999999999996,30.7
0022500523,198,107,91,16,0,2026-01-07,SAS vs LAL,27.4,Luka Dončić,0.19999999999999996,0.0,0.0,0.4133333333333333,21.4
0022500524,215,117,98,19,0,2026-01-07,MEM vs PHX,15.0,Mark Williams,0.050000000000000044,0.25,0.0,0.0,3.5
0022500525,254,129,125,4,1,2026-01-07,OKC vs UTA,39.90000000000001,Shai Gilgeous-Alexander,0.8,0.9,0.7,0.8300000000000004,79.4
0022500526,233,120,113,7,0,2026-01-07,GSW vs MIL,26.4,Stephen Curry,0.65,0.55,0.0,0.37999999999999995,43.4
0022500527,205,103,102,1,0,2026-01-07,POR vs HOU,27.400000000000006,Deni Avdija,0.95,0.08333333333333333,0.0,0.4133333333333335,55.6
0022500528,226,114,112,2,0,2026-01-08,CHA vs IND,26.3,LaMelo Ball,0.9,0.43333333333333335,0.0,0.3766666666666667,54.0
0022500530,253,131,122,9,0,2026-01-08,MIN vs CLE,23.1,Donovan Mitchell,0.55,0.8833333333333333,0.0,0.2700000000000001,37.3
0022500531,230,116,114,2,0,2026-01-08,UTA vs DAL,26.3,Cooper Flagg,0.9,0.5,0.0,0.3766666666666667,54.3
0022500532,242,125,117,8,0,2026-01-09,BOS vs TOR,25.3,Payton Pritchard,0.6,0.7,0.0,0.3433333333333334,40.8
0022500533,194,103,91,12,0,2026-01-09,ORL vs PHI,20.6,Tyrese Maxey,0.4,0.0,0.0,0.1866666666666667,23.6
0022500534,235,128,107,21,0,2026-01-09,WAS vs NOP,31.20000000000001,Trey Murphy III,0.0,0.5833333333333334,0.0,0.5400000000000004,19.1
0022500535,226,121,105,16,0,2026-01-09,BKN vs LAC,27.299999999999997,James Harden,0.19999999999999996,0.43333333333333335,0.0,0.4099999999999999,23.5
0022500536,233,117,116,1,0,2026-01-09,MEM vs OKC,22.799999999999997,Jalen Williams,0.95,0.55,0.0,0.2599999999999999,53.3
0022500537,197,110,87,23,0,2026-01-09,DEN vs ATL,26.999999999999996,Jalen Johnson,0.0,0.0,0.0,0.39999999999999986,12.0
0022500538,219,112,107,5,0,2026-01-09,PHX vs NYK,23.200000000000006,Devin Booker,0.75,0.31666666666666665,0.0,0.27333333333333354,43.5
0022500539,240,137,103,34,0,2026-01-09,GSW vs SAC,23.7,Stephen Curry,0.0,0.6666666666666666,0.0,0.29,12.0
0022500540,216,111,105,6,0,2026-01-09,POR vs HOU,26.999999999999996,Kevin Durant,0.7,0.26666666666666666,0.0,0.39999999999999986,44.8
0022500541,206,105,101,4,0,2026-01-09,LAL vs MIL,24.2,LeBron James,0.8,0.1,0.0,0.30666666666666664,45.7
0022500542,280,146,134,12,0,2026-01-10,CLE vs MIN,22.2,Donovan Mitchell,0.4,1.0,0.0,0.23999999999999996,30.2
0022500543,222,123,99,24,0,2026-01-10,IND vs MIA,31.500000000000004,Andrew Nembhard,0.0,0.36666666666666664,0.0,0.5500000000000002,18.3
0022500544,190,98,92,6,0,2026-01-10,DET vs LAC,25.200000000000003,John Collins,0.7,0.0,0.0,0.3400000000000001,41.7
0022500545,195,100,95,5,0,2026-01-10,BOS vs SAS,21.999999999999993,Derrick White,0.75,0.0,0.0,0.2333333333333331,40.8
0022500546,232,125,107,18,0,2026-01-10,CHI vs DAL,23.099999999999994,Ayo Dosunmu,0.09999999999999998,0.5333333333333333,0.0,0.2699999999999998,15.3
0022500547,245,150,95,55,0,2026-01-10,UTA vs CHA,18.0,Miles Bridges,0.0,0.75,0.0,0.1,6.8
0022500548,246,128,118,10,0,2026-01-11,ORL vs NOP,27.599999999999998,Anthony Black,0.5,0.7666666666666667,0.0,0.41999999999999993,38.9
0022500549,201,103,98,5,0,2026-01-11,MEM vs BKN,17.099999999999998,Jock Landale,0.75,0.016666666666666666,0.0,0.06999999999999992,35.9
0022500550,231,116,115,1,1,2026-01-11,TOR vs PHI,24.6,Tyrese Maxey,0.95,0.5166666666666667,0.7,0.32000000000000006,68.9
0022500551,237,123,114,9,0,2026-01-11,POR vs NYK,21.5,Jalen Brunson,0.55,0.6166666666666667,0.0,0.21666666666666667,34.3
0022500552,207,104,103,1,0,2026-01-11,MIN vs SAS,22.8,Victor Wembanyama,0.95,0.11666666666666667,0.0,0.26,51.1
0022500553,236,124,112,12,0,2026-01-11,OKC vs MIA,23.499999999999996,Shai Gilgeous-Alexander,0.4,0.6,0.0,0.2833333333333332,29.5
0022500554,212,108,104,4,0,2026-01-11,DEN vs MIL,31.199999999999996,Giannis Antetokounmpo,0.8,0.2,0.0,0.5399999999999998,53.2
0022500555,205,112,93,19,0,2026-01-11,PHX vs WAS,17.6,Royce O'Neale,0.050000000000000044,0.08333333333333333,0.0,0.08666666666666671,5.3
0022500556,235,124,111,13,0,2026-01-11,GSW vs ATL,27.8,Jimmy Butler III,0.35,0.5833333333333334,0.0,0.4266666666666667,31.5
0022500557,209,111,98,13,0,2026-01-11,SAC vs HOU,26.999999999999996,Amen Thompson,0.35,0.15,0.0,0.39999999999999986,28.5
0022500558,235,123,112,11,0,2026-01-12,CLE vs UTA,29.200000000000003,Keyonte George,0.44999999999999996,0.5833333333333334,0.0,0.47333333333333344,37.4
0022500559,194,98,96,2,0,2026-01-12,IND vs BOS,21.799999999999997,Pascal Siakam,0.9,0.0,0.0,0.22666666666666657,47.3
0022500560,217,115,102,13,0,2026-01-12,TOR vs PHI,28.4,Tyrese Maxey,0.35,0.2833333333333333,0.0,0.4466666666666666,30.6
0022500561,218,113,105,8,0,2026-01-12,DAL vs BKN,27.400000000000002,Cooper Flagg,0.6,0.3,0.0,0.4133333333333334,40.9
0022500562,236,124,112,12,0,2026-01-12,SAC vs LAL,38.6,Luka Dončić,0.4,0.6,0.0,0.7866666666666667,44.6
0022500563,226,117,109,8,0,2026-01-12,LAC vs CHA,28.300000000000004,Kawhi Leonard,0.6,0.43333333333333335,0.0,0.44333333333333347,42.5
0022500564,248,127,121,6,0,2026-01-13,MIA vs PHX,29.700000000000003,Bam Adebayo,0.7,0.8,0.0,0.4900000000000001,50.2
0022500565,232,119,113,6,0,2026-01-13,HOU vs CHI,34.5,Tre Jones,0.7,0.5333333333333333,0.0,0.65,53.7
0022500566,245,139,106,33,0,2026-01-13,MIL vs MIN,25.199999999999996,Julius Randle,0.0,0.75,0.0,0.33999999999999986,13.9
0022500567,238,122,116,6,0,2026-01-13,NOP vs DEN,32.50000000000001,Jamal Murray,0.7,0.6333333333333333,0.0,0.5833333333333336,52.2
0022500568,217,119,98,21,0,2026-01-13,OKC vs SAS,26.5,Shai Gilgeous-Alexander,0.0,0.2833333333333333,0.0,0.38333333333333336,12.9
0022500569,257,141,116,25,0,2026-01-13,LAL vs ATL,28.800000000000004,LeBron James,0.0,0.95,0.0,0.46000000000000013,18.6
0022500570,216,119,97,22,0,2026-01-13,GSW vs POR,17.200000000000003,Jimmy Butler III,0.0,0.26666666666666666,0.0,0.07333333333333343,3.5
0022500571,216,115,101,14,0,2026-01-14,IND vs TOR,27.299999999999997,Scottie Barnes,0.30000000000000004,0.26666666666666666,0.0,0.4099999999999999,27.1
0022500572,240,133,107,26,0,2026-01-14,PHI vs CLE,32.4,Donovan Mitchell,0.0,0.6666666666666666,0.0,0.58,20.7
0022500573,254,128,126,2,0,2026-01-14,CHI vs UTA,36.5,Brice Sensabaugh,0.9,0.9,0.0,0.7166666666666667,66.5
0022500574,229,116,113,3,0,2026-01-14,NOP vs BKN,31.499999999999996,Trey Murphy III,0.85,0.48333333333333334,0.0,0.5499999999999999,57.2
0022500575,227,118,109,9,0,2026-01-14,DAL vs DEN,20.500000000000007,Jamal Murray,0.55,0.45,0.0,0.18333333333333357,32.5
0022500576,213,112,101,11,0,2026-01-14,SAC vs NYK,22.700000000000003,DeMar DeRozan,0.44999999999999996,0.21666666666666667,0.0,0.25666666666666677,29.0
0022500577,224,119,105,14,0,2026-01-14,LAC vs WAS,27.900000000000002,Kawhi Leonard,0.30000000000000004,0.4,0.0,0.43000000000000005,28.4
0022500578,229,118,111,7,0,2026-01-15,ORL vs MEM,27.5,Paolo Banchero,0.65,0.48333333333333334,0.0,0.4166666666666667,44.2
0022500579,213,108,105,3,0,2026-01-15,DET vs PHX,20.299999999999997,Grayson Allen,0.85,0.21666666666666667,0.0,0.17666666666666658,44.6
0022500580,233,119,114,5,0,2026-01-15,MIA vs BOS,27.600000000000005,Anfernee Simons,0.75,0.55,0.0,0.42000000000000015,49.1
0022500581,202,111,91,20,0,2026-01-15,HOU vs OKC,21.5,Chet Holmgren,0.0,0.03333333333333333,0.0,0.21666666666666667,6.7
0022500582,220,119,101,18,0,2026-01-15,SAS vs MIL,21.999999999999996,Stephon Castle,0.09999999999999998,0.3333333333333333,0.0,0.23333333333333323,13.2
0022500583,266,144,122,22,0,2026-01-15,DAL vs UTA,22.699999999999996,Brice Sensabaugh,0.0,1.0,0.0,0.25666666666666654,12.7
0022500584,239,126,113,13,0,2026-01-15,GSW vs NYK,31.000000000000004,Jimmy Butler III,0.35,0.65,0.0,0.5333333333333334,35.0
0022500585,218,117,101,16,0,2026-01-15,POR vs ATL,20.3,Shaedon Sharpe,0.19999999999999996,0.3,0.0,0.1766666666666667,15.8
0022500586,252,135,117,18,0,2026-01-15,LAL vs CHA,27.1,Luka Dončić,0.09999999999999998,0.8666666666666667,0.0,0.4033333333333334,20.9
0022500587,221,112,109,3,0,2026-01-16,BKN vs CHI,18.500000000000004,Michael Porter Jr.,0.85,0.35,0.0,0.11666666666666678,43.5
0022500588,246,127,119,8,0,2026-01-16,IND vs NOP,29.100000000000005,Jay Huff,0.6,0.7666666666666667,0.0,0.47000000000000014,44.9
0022500589,232,117,115,2,0,2026-01-16,PHI vs CLE,32.60000000000001,Jaylon Tyson,0.9,0.5333333333333333,0.0,0.586666666666667,60.8
0022500590,238,121,117,4,1,2026-01-16,TOR vs LAC,22.3,Jordan Miller,0.8,0.6333333333333333,0.7,0.24333333333333335,60.5
0022500591,215,110,105,5,0,2026-01-16,HOU vs MIN,32.599999999999994,Kevin Durant,0.75,0.25,0.0,0.5866666666666664,52.6
0022500592,243,128,115,13,0,2026-01-16,SAC vs WAS,21.200000000000003,Russell Westbrook,0.35,0.7166666666666667,0.0,0.20666666666666675,25.5
0022500593,258,138,120,18,0,2026-01-17,DAL vs UTA,27.500000000000004,Keyonte George,0.09999999999999998,0.9666666666666667,0.0,0.4166666666666668,21.8
0022500594,238,132,106,26,0,2026-01-17,ATL vs BOS,29.5,Jaylen Brown,0.0,0.6333333333333333,0.0,0.48333333333333334,17.7
0022500595,199,121,78,43,0,2026-01-17,DET vs IND,13.999999999999998,Javonte Green,0.0,0.0,0.0,0.0,0.0
0022500596,205,106,99,7,0,2026-01-17,NYK vs PHX,20.1,Miles McBride,0.65,0.08333333333333333,0.0,0.17000000000000004,34.8
0022500597,242,122,120,2,0,2026-01-17,MIA vs OKC,32.0,Shai Gilgeous-Alexander,0.9,0.7,0.0,0.5666666666666667,61.0
0022500598,249,126,123,3,0,2026-01-17,SAS vs MIN,38.400000000000006,Anthony Edwards,0.85,0.8166666666666667,0.0,0.7800000000000001,65.7
0022500599,252,136,116,20,0,2026-01-17,GSW vs CHA,22.600000000000005,Kon Knueppel,0.0,0.8666666666666667,0.0,0.2533333333333335,11.9
0022500600,236,121,115,6,0,2026-01-17,DEN vs WAS,33.900000000000006,Jamal Murray,0.7,0.6,0.0,0.6300000000000002,53.4
0022500601,248,132,116,16,0,2026-01-17,POR vs LAL,18.900000000000002,Shaedon Sharpe,0.19999999999999996,0.8,0.0,0.13000000000000006,16.9
0022500602,235,126,109,17,0,2026-01-18,MEM vs ORL,25.7,Ja Morant,0.15000000000000002,0.5833333333333334,0.0,0.35666666666666663,20.4
0022500603,226,124,102,22,0,2026-01-18,CHI vs BKN,21.299999999999994,Coby White,0.0,0.43333333333333335,0.0,0.2099999999999998,8.5
0022500604,229,119,110,9,0,2026-01-18,HOU vs NOP,24.2,Jabari Smith Jr.,0.55,0.48333333333333334,0.0,0.30666666666666664,36.4
0022500605,197,110,87,23,0,2026-01-18,DEN vs CHA,15.5,Ryan Kalkbrenner,0.0,0.0,0.0,0.016666666666666666,0.5
0022500606,227,117,110,7,0,2026-01-18,SAC vs POR,27.099999999999998,Deni Avdija,0.65,0.45,0.0,0.40333333333333327,43.6
0022500607,203,110,93,17,0,2026-01-18,LAL vs TOR,26.499999999999996,Deandre Ayton,0.15000000000000002,0.05,0.0,0.3833333333333332,18.5
0022500014,222,112,110,2,0,2026-01-19,ATL vs MIL,28.900000000000002,Nickeil Alexander-Walker,0.9,0.36666666666666664,0.0,0.46333333333333343,56.2
0022500015,240,136,104,32,0,2026-01-19,CLE vs OKC,24.799999999999994,Shai Gilgeous-Alexander,0.0,0.6666666666666666,0.0,0.32666666666666644,13.1
0022500016,211,114,97,17,0,2026-01-19,NYK vs DAL,22.7,Max Christie,0.15000000000000002,0.18333333333333332,0.0,0.25666666666666665,15.4
0022500017,207,104,103,1,0,2026-01-19,DET vs BOS,17.8,Jaylen Brown,0.95,0.11666666666666667,0.0,0.09333333333333335,46.1
0022500608,216,110,106,4,0,2026-01-19,WAS vs LAC,33.60000000000001,James Harden,0.8,0.26666666666666666,0.0,0.6200000000000003,55.9
0022500609,217,113,104,9,0,2026-01-19,PHI vs IND,29.7,Tyrese Maxey,0.55,0.2833333333333333,0.0,0.49,40.9
0022500610,243,126,117,9,0,2026-01-19,BKN vs PHX,23.9,Collin Gillespie,0.55,0.7166666666666667,0.0,0.29666666666666663,37.2
0022500611,233,123,110,13,0,2026-01-19,SAS vs UTA,29.699999999999996,Victor Wembanyama,0.35,0.55,0.0,0.4899999999999999,33.2
0022500612,247,135,112,23,0,2026-01-19,GSW vs MIA,17.5,Brandin Podziemski,0.0,0.7833333333333333,0.0,0.08333333333333333,6.4
0022500613,226,116,110,6,0,2026-01-20,PHI vs PHX,17.400000000000002,Grayson Allen,0.7,0.43333333333333335,0.0,0.08000000000000007,36.1
0022500614,248,138,110,28,0,2026-01-20,CHI vs LAC,23.0,Tre Jones,0.0,0.8,0.0,0.26666666666666666,12.0
0022500615,217,111,106,5,0,2026-01-20,HOU vs SAS,23.3,Julian Champagnie,0.75,0.2833333333333333,0.0,0.27666666666666667,43.5
0022500616,249,127,122,5,0,2026-01-20,UTA vs MIN,27.900000000000006,Anthony Edwards,0.75,0.8166666666666667,0.0,0.4300000000000002,50.7
0022500617,222,115,107,8,0,2026-01-20,DEN vs LAL,36.8,Luka Dončić,0.6,0.36666666666666664,0.0,0.7266666666666666,50.6
0022500618,272,145,127,18,0,2026-01-20,GSW vs TOR,40.3,Immanuel Quickley,0.09999999999999998,1.0,0.0,0.8433333333333333,34.8
0022500619,247,130,117,13,0,2026-01-20,SAC vs MIA,22.8,Bam Adebayo,0.35,0.7833333333333333,0.0,0.26,27.5
0022500620,181,94,87,7,0,2026-01-21,CHA vs CLE,14.399999999999999,Brandon Miller,0.65,0.0,0.0,0.0,29.3
0022500621,223,119,104,15,0,2026-01-21,BOS vs IND,24.699999999999996,Pascal Siakam,0.25,0.38333333333333336,0.0,0.3233333333333332,22.9
0022500622,186,120,66,54,0,2026-01-21,NYK vs BKN,19.9,Landry Shamet,0.0,0.0,0.0,0.16333333333333327,4.9
0022500623,246,124,122,2,0,2026-01-21,MEM vs ATL,27.999999999999996,Jalen Johnson,0.9,0.7666666666666667,0.0,0.43333333333333324,57.3
0022500624,216,112,104,8,0,2026-01-21,NOP vs DET,22.900000000000002,Jalen Duren,0.6,0.26666666666666666,0.0,0.2633333333333334,36.2
0022500625,224,122,102,20,0,2026-01-21,MIL vs OKC,42.3,Shai Gilgeous-Alexander,0.0,0.4,0.0,0.9099999999999999,29.3
0022500626,231,122,109,13,0,2026-01-21,SAC vs TOR,22.899999999999995,Scottie Barnes,0.35,0.5166666666666667,0.0,0.26333333333333314,26.2
0022500627,221,124,97,27,0,2026-01-22,ORL vs CHA,19.3,Collin Sexton,0.0,0.35,0.0,0.14333333333333337,6.1
0022500628,250,128,122,6,1,2026-01-22,PHI vs HOU,31.30000000000001,Joel Embiid,0.7,0.8333333333333334,0.7,0.5433333333333337,66.0
0022500629,204,107,97,10,0,2026-01-22,WAS vs DEN,35.300000000000004,Peyton Watson,0.5,0.06666666666666667,0.0,0.6766666666666669,43.1
0022500630,238,123,115,8,0,2026-01-22,DAL vs GSW,29.200000000000003,Naji Marshall,0.6,0.6333333333333333,0.0,0.47333333333333344,44.4
0022500631,235,120,115,5,0,2026-01-22,MIN vs CHI,21.799999999999997,Julius Randle,0.75,0.5833333333333334,0.0,0.22666666666666657,43.5
0022500632,235,126,109,17,0,2026-01-22,UTA vs SAS,28.599999999999998,De'Aaron Fox,0.15000000000000002,0.5833333333333334,0.0,0.45333333333333325,23.3
0022500633,216,112,104,8,0,2026-01-22,LAC vs LAL,26.8,Luka Dončić,0.6,0.26666666666666666,0.0,0.39333333333333337,40.1
0022500634,237,127,110,17,0,2026-01-22,POR vs MIA,26.700000000000006,Bam Adebayo,0.15000000000000002,0.6166666666666667,0.0,0.39000000000000024,21.5
0022500635,215,111,104,7,0,2026-01-23,DET vs HOU,27.000000000000004,Kevin Durant,0.65,0.25,0.0,0.40000000000000013,42.5
0022500636,213,110,103,7,0,2026-01-23,ATL vs PHX,23.0,Devin Booker,0.65,0.21666666666666667,0.0,0.26666666666666666,38.3
0022500637,256,130,126,4,2,2026-01-23,BKN vs BOS,23.000000000000007,Michael Porter Jr.,0.8,0.9333333333333333,1.0,0.2666666666666669,68.7
0022500638,241,123,118,5,0,2026-01-23,CLE vs SAC,29.400000000000002,Evan Mobley,0.75,0.6833333333333333,0.0,0.4800000000000001,51.6
0022500639,260,133,127,6,0,2026-01-23,MEM vs NOP,32.60000000000001,Saddiq Bey,0.7,1.0,0.0,0.586666666666667,54.1
0022500640,202,102,100,2,0,2026-01-23,MIL vs DEN,22.0,Giannis Antetokounmpo,0.9,0.03333333333333333,0.0,0.23333333333333334,47.7
0022500641,231,117,114,3,0,2026-01-23,OKC vs IND,38.50000000000001,Shai Gilgeous-Alexander,0.85,0.5166666666666667,0.0,0.7833333333333335,64.3
0022500642,208,110,98,12,0,2026-01-23,POR vs TOR,21.0,Immanuel Quickley,0.4,0.13333333333333333,0.0,0.2,24.7
0022500643,221,112,109,3,0,2026-01-24,PHI vs NYK,31.20000000000001,Joel Embiid,0.85,0.35,0.0,0.5400000000000004,56.2
0022500645,234,119,115,4,0,2026-01-24,CHA vs WAS,20.799999999999997,Brandon Miller,0.8,0.5666666666666667,0.0,0.19333333333333325,44.6
0022500646,224,119,105,14,0,2026-01-24,ORL vs CLE,26.599999999999998,Donovan Mitchell,0.30000000000000004,0.4,0.0,0.3866666666666666,27.1
0022500647,225,114,111,3,0,2026-01-24,CHI vs BOS,23.800000000000004,Jaylen Brown,0.85,0.4166666666666667,0.0,0.2933333333333335,49.1
0022500648,226,116,110,6,0,2026-01-24,DAL vs LAL,31.30000000000001,Luka Dončić,0.7,0.43333333333333335,0.0,0.5433333333333337,50.0
0022500649,263,147,116,31,0,2026-01-24,UTA vs MIA,21.9,Bam Adebayo,0.0,1.0,0.0,0.22999999999999995,11.9
0022500644,196,111,85,26,0,2026-01-25,MIN vs GSW,23.700000000000003,Stephen Curry,0.0,0.0,0.0,0.2900000000000001,8.7
0022500650,255,139,116,23,0,2026-01-25,DET vs SAC,25.900000000000006,Cade Cunningham,0.0,0.9166666666666666,0.0,0.3633333333333335,15.5
0022500653,204,103,101,2,0,2026-01-25,OKC vs TOR,23.399999999999995,Shai Gilgeous-Alexander,0.9,0.06666666666666667,0.0,0.27999999999999986,49.2
0022500654,199,104,95,9,0,2026-01-25,SAS vs NOP,23.900000000000002,Saddiq Bey,0.55,0.0,0.0,0.29666666666666675,33.7
0022500655,213,111,102,9,0,2026-01-25,PHX vs MIA,19.099999999999998,Jaime Jaquez Jr.,0.55,0.21666666666666667,0.0,0.1366666666666666,29.9
0022500656,215,126,89,37,0,2026-01-25,LAC vs BKN,23.3,Kawhi Leonard,0.0,0.25,0.0,0.27666666666666667,9.6
0022500657,223,130,93,37,0,2026-01-26,CHA vs PHI,30.3,Brandon Miller,0.0,0.38333333333333336,0.0,0.51,17.2
0022500658,212,114,98,16,0,2026-01-26,CLE vs ORL,32.900000000000006,Donovan Mitchell,0.19999999999999996,0.2,0.0,0.5966666666666669,27.9
0022500659,248,132,116,16,0,2026-01-26,ATL vs IND,23.2,Dyson Daniels,0.19999999999999996,0.8,0.0,0.2733333333333333,21.2
0022500660,196,102,94,8,0,2026-01-26,BOS vs POR,18.7,Jaylen Brown,0.6,0.0,0.0,0.12333333333333331,30.7
0022500661,247,129,118,11,0,2026-01-26,CHI vs LAL,39.6,Luka Dončić,0.44999999999999996,0.7833333333333333,0.0,0.8200000000000001,48.8
0022500662,207,108,99,9,0,2026-01-26,HOU vs MEM,28.800000000000004,Alperen Sengun,0.55,0.11666666666666667,0.0,0.46000000000000013,39.1
0022500663,191,108,83,25,0,2026-01-26,MIN vs GSW,17.299999999999997,Rudy Gobert,0.0,0.0,0.0,0.07666666666666658,2.3
0022500664,226,115,111,4,0,2026-01-27,WAS vs POR,24.599999999999998,Alex Sarr,0.8,0.43333333333333335,0.0,0.31999999999999995,47.8
0022500665,190,103,87,16,0,2026-01-27,NYK vs SAC,20.900000000000002,Jalen Brunson,0.19999999999999996,0.0,0.0,0.19666666666666674,14.9
0022500666,261,139,122,17,0,2026-01-27,PHI vs MIL,26.3,Myles Turner,0.15000000000000002,1.0,0.0,0.3766666666666667,23.1
0022500667,199,104,95,9,0,2026-01-27,OKC vs NOP,23.4,Chet Holmgren,0.55,0.0,0.0,0.27999999999999997,33.2
0022500668,216,109,107,2,0,2026-01-27,DEN vs DET,22.200000000000003,Cade Cunningham,0.9,0.26666666666666666,0.0,0.2400000000000001,49.0
0022500669,208,106,102,4,0,2026-01-27,PHX vs BKN,28.000000000000004,Michael Porter Jr.,0.8,0.13333333333333333,0.0,0.43333333333333346,49.7
0022500670,218,115,103,12,0,2026-01-27,UTA vs LAC,17.700000000000003,James Harden,0.4,0.3,0.0,0.0900000000000001,22.2
0022500671,228,129,99,30,0,2026-01-28,CLE vs LAL,21.499999999999996,Luka Dončić,0.0,0.4666666666666667,0.0,0.21666666666666654,8.8
0022500672,223,113,110,3,0,2026-01-28,IND vs CHI,21.2,Nikola Vučević,0.85,0.38333333333333336,0.0,0.20666666666666664,46.4
0022500673,223,117,106,11,0,2026-01-28,BOS vs ATL,22.900000000000002,Dyson Daniels,0.44999999999999996,0.38333333333333336,0.0,0.2633333333333334,30.1
0022500674,257,133,124,9,0,2026-01-28,MIA vs ORL,27.3,Anthony Black,0.55,0.95,0.0,0.41000000000000003,41.8
0022500675,211,119,92,27,0,2026-01-28,TOR vs NYK,27.999999999999996,OG Anunoby,0.0,0.18333333333333332,0.0,0.43333333333333324,13.9
0022500676,209,112,97,15,0,2026-01-28,MEM vs CHA,23.7,Moussa Diabaté,0.25,0.15,0.0,0.29,20.7
0022500677,223,118,105,13,0,2026-01-28,DAL vs MIN,25.4,Julius Randle,0.35,0.38333333333333336,0.0,0.3466666666666666,28.1
0022500678,264,140,124,16,0,2026-01-28,UTA vs GSW,23.400000000000006,Moses Moody,0.19999999999999996,1.0,0.0,0.2800000000000002,22.4
0022500679,210,111,99,12,0,2026-01-28,HOU vs SAS,27.5,Victor Wembanyama,0.4,0.16666666666666666,0.0,0.4166666666666667,31.3
0022500529,229,116,113,3,0,2026-01-29,CHI vs MIA,23.7,Jaime Jaquez Jr.,0.85,0.48333333333333334,0.0,0.29,49.4
0022500680,224,113,111,2,0,2026-01-29,PHI vs SAC,36.4,Tyrese Maxey,0.9,0.4,0.0,0.7133333333333333,63.9
0022500681,208,109,99,10,0,2026-01-29,WAS vs MIL,19.699999999999996,Myles Turner,0.5,0.13333333333333333,0.0,0.15666666666666654,27.9
0022500682,190,104,86,18,0,2026-01-29,ATL vs HOU,21.299999999999997,Kevin Durant,0.09999999999999998,0.0,0.0,0.2099999999999999,10.8
0022500683,244,123,121,2,0,2026-01-29,DAL vs CHA,40.100000000000016,Cooper Flagg,0.9,0.7333333333333333,0.0,0.8366666666666672,69.3
0022500684,210,107,103,4,0,2026-01-29,DEN vs BKN,30.7,Michael Porter Jr.,0.8,0.16666666666666666,0.0,0.5233333333333333,52.5
0022500685,210,114,96,18,0,2026-01-29,PHX vs DET,34.1,Dillon Brooks,0.09999999999999998,0.16666666666666666,0.0,0.6366666666666667,24.4
0022500686,234,123,111,12,0,2026-01-29,MIN vs OKC,24.399999999999995,Shai Gilgeous-Alexander,0.4,0.5666666666666667,0.0,0.3133333333333332,30.2
0022500687,250,130,120,10,0,2026-01-30,ORL vs TOR,26.1,Brandon Ingram,0.5,0.8333333333333334,0.0,0.37000000000000005,37.8
0022500688,253,142,111,31,0,2026-01-30,WAS vs LAL,37.1,Luka Dončić,0.0,0.8833333333333333,0.0,0.7366666666666667,26.5
0022500689,205,112,93,19,0,2026-01-30,BOS vs SAC,26.4,Payton Pritchard,0.050000000000000044,0.08333333333333333,0.0,0.37999999999999995,14.1
0022500690,224,127,97,30,0,2026-01-30,NYK vs POR,18.6,Shaedon Sharpe,0.0,0.4,0.0,0.12000000000000005,5.6
0022500691,220,114,106,8,0,2026-01-30,NOP vs MEM,21.6,Derik Queen,0.6,0.3333333333333333,0.0,0.22000000000000006,35.3
0022500693,239,126,113,13,0,2026-01-30,PHX vs CLE,21.900000000000006,Dillon Brooks,0.35,0.65,0.0,0.23000000000000018,25.9
0022500694,208,109,99,10,0,2026-01-30,UTA vs BKN,24.200000000000003,Keyonte George,0.5,0.13333333333333333,0.0,0.30666666666666675,32.4
0022500695,231,122,109,13,0,2026-01-30,DEN vs LAC,33.599999999999994,Nikola Jokić,0.35,0.5166666666666667,0.0,0.6199999999999998,36.9
0022500696,255,131,124,7,0,2026-01-30,GSW vs DET,25.5,Cade Cunningham,0.65,0.9166666666666666,0.0,0.35,44.3
0022500692,243,125,118,7,0,2026-01-31,MIA vs CHI,26.7,Ayo Dosunmu,0.65,0.7166666666666667,0.0,0.38999999999999996,44.5
0022500697,217,111,106,5,0,2026-01-31,CHA vs SAS,19.500000000000004,Collin Sexton,0.75,0.2833333333333333,0.0,0.1500000000000001,39.7
0022500698,253,129,124,5,0,2026-01-31,IND vs ATL,27.200000000000003,Jalen Johnson,0.75,0.8833333333333333,0.0,0.4066666666666668,50.4
0022500699,238,124,114,10,0,2026-01-31,PHI vs NOP,29.400000000000006,Joel Embiid,0.5,0.6333333333333333,0.0,0.4800000000000002,40.1
0022500700,245,131,114,17,0,2026-01-31,MEM vs MIN,23.700000000000003,Anthony Edwards,0.15000000000000002,0.75,0.0,0.2900000000000001,19.2
0022500701,218,111,107,4,0,2026-01-31,HOU vs DAL,26.300000000000004,Cooper Flagg,0.8,0.3,0.0,0.3766666666666668,48.8
0022500702,186,107,79,28,0,2026-02-01,BOS vs MIL,22.699999999999996,Jaylen Brown,0.0,0.0,0.0,0.25666666666666654,7.7
0022500703,215,112,103,9,0,2026-02-01,SAS vs ORL,25.2,Victor Wembanyama,0.55,0.25,0.0,0.33999999999999997,36.2
0022500704,207,130,77,53,0,2026-02-01,DET vs BKN,24.400000000000002,Cade Cunningham,0.0,0.11666666666666667,0.0,0.3133333333333334,10.0
0022500705,225,134,91,43,0,2026-02-01,MIA vs CHI,21.299999999999997,Bam Adebayo,0.0,0.4166666666666667,0.0,0.2099999999999999,8.4
0022500706,207,107,100,7,0,2026-02-01,TOR vs UTA,23.500000000000004,Lauri Markkanen,0.65,0.11666666666666667,0.0,0.28333333333333344,38.3
0022500707,228,116,112,4,0,2026-02-01,WAS vs SAC,25.800000000000004,DeMar DeRozan,0.8,0.4666666666666667,0.0,0.36000000000000015,49.1
0022500708,212,112,100,12,0,2026-02-01,NYK vs LAL,25.000000000000007,OG Anunoby,0.4,0.2,0.0,0.3333333333333336,29.0
0022500709,210,117,93,24,0,2026-02-01,PHX vs LAC,17.700000000000003,Kawhi Leonard,0.0,0.16666666666666666,0.0,0.0900000000000001,3.5
0022500710,241,130,111,19,0,2026-02-01,POR vs CLE,44.49999999999999,Jarrett Allen,0.050000000000000044,0.6833333333333333,0.0,0.9833333333333331,35.2
0022500711,232,121,111,10,0,2026-02-01,DEN vs OKC,35.300000000000004,Shai Gilgeous-Alexander,0.5,0.5333333333333333,0.0,0.6766666666666669,45.5
0022500712,197,102,95,7,0,2026-02-02,CHA vs NOP,18.700000000000003,Trey Murphy III,0.65,0.0,0.0,0.12333333333333343,33.0
0022500713,232,118,114,4,0,2026-02-02,IND vs HOU,30.000000000000007,Alperen Sengun,0.8,0.5333333333333333,0.0,0.5000000000000002,53.7
0022500714,265,137,128,9,0,2026-02-02,MEM vs MIN,26.500000000000004,Anthony Edwards,0.55,1.0,0.0,0.38333333333333347,41.3
0022500715,241,128,113,15,0,2026-02-02,LAC vs PHI,30.5,Dominick Barlow,0.25,0.6833333333333333,0.0,0.5166666666666667,30.2
0022500716,245,124,121,3,0,2026-02-03,DET vs DEN,30.200000000000003,Jamal Murray,0.85,0.75,0.0,0.5066666666666667,57.2
0022500717,253,131,122,9,0,2026-02-03,IND vs UTA,24.800000000000004,Quenton Jackson,0.55,0.8833333333333333,0.0,0.3266666666666668,39.0
0022500718,233,132,101,31,0,2026-02-03,WAS vs NYK,23.9,Mikal Bridges,0.0,0.55,0.0,0.29666666666666663,11.6
0022500719,234,125,109,16,0,2026-02-03,BKN vs LAL,26.3,Day'Ron Sharpe,0.19999999999999996,0.5666666666666667,0.0,0.3766666666666667,23.1
0022500720,242,127,115,12,0,2026-02-03,MIA vs ATL,26.399999999999995,Jalen Johnson,0.4,0.7,0.0,0.37999999999999984,32.9
0022500721,210,110,100,10,0,2026-02-03,DAL vs BOS,30.9,Cooper Flagg,0.5,0.16666666666666666,0.0,0.5299999999999999,39.2
0022500722,246,131,115,16,0,2026-02-03,MIL vs CHI,27.2,Kyle Kuzma,0.19999999999999996,0.7666666666666667,0.0,0.4066666666666666,25.0
0022500723,220,128,92,36,0,2026-02-03,OKC vs ORL,18.199999999999996,Luguentz Dort,0.0,0.3333333333333333,0.0,0.10666666666666652,4.9
0022500724,207,113,94,19,0,2026-02-03,GSW vs PHI,22.799999999999997,VJ Edgecombe,0.050000000000000044,0.11666666666666667,0.0,0.2599999999999999,10.6
0022500725,255,130,125,5,0,2026-02-03,POR vs PHX,31.5,Collin Gillespie,0.75,0.9166666666666666,0.0,0.55,54.8
0022500726,261,134,127,7,2,2026-02-04,NYK vs DEN,32.8,Jalen Brunson,0.65,1.0,1.0,0.5933333333333333,72.0
0022500727,254,128,126,2,0,2026-02-04,TOR vs MIN,24.3,Anthony Edwards,0.9,0.9,0.0,0.31,54.3
0022500728,207,114,93,21,0,2026-02-04,HOU vs BOS,21.400000000000002,Payton Pritchard,0.0,0.11666666666666667,0.0,0.2133333333333334,7.0
0022500729,278,141,137,4,1,2026-02-04,MIL vs NOP,35.800000000000004,Trey Murphy III,0.8,1.0,0.7,0.6933333333333335,75.8
0022500730,222,116,106,10,0,2026-02-04,SAS vs OKC,20.2,Keldon Johnson,0.5,0.36666666666666664,0.0,0.1733333333333333,29.5
0022500731,254,129,125,4,0,2026-02-04,SAC vs MEM,27.6,Ty Jerome,0.8,0.9,0.0,0.42000000000000004,53.1
0022500732,215,124,91,33,0,2026-02-04,LAC vs CLE,29.100000000000005,Donovan Mitchell,0.0,0.25,0.0,0.47000000000000014,15.4
0022500733,243,126,117,9,0,2026-02-05,DET vs WAS,22.799999999999997,Cade Cunningham,0.55,0.7166666666666667,0.0,0.2599999999999999,36.1
0022500734,216,118,98,20,0,2026-02-05,ORL vs BKN,25.699999999999996,Jalen Suggs,0.0,0.26666666666666666,0.0,0.3566666666666665,12.0
0022500735,240,121,119,2,0,2026-02-05,ATL vs UTA,29.000000000000004,Jock Landale,0.9,0.6666666666666666,0.0,0.4666666666666668,57.8
0022500736,230,123,107,16,0,2026-02-05,TOR vs CHI,28.499999999999996,Brandon Ingram,0.19999999999999996,0.5,0.0,0.4499999999999999,25.0
0022500737,208,109,99,10,0,2026-02-05,HOU vs CHA,20.9,Kevin Durant,0.5,0.13333333333333333,0.0,0.19666666666666663,29.1
0022500738,258,135,123,12,0,2026-02-05,DAL vs SAS,30.200000000000003,Victor Wembanyama,0.4,0.9666666666666667,0.0,0.5066666666666667,38.0
0022500739,198,101,97,4,0,2026-02-05,PHX vs GSW,16.9,Pat Spencer,0.8,0.0,0.0,0.06333333333333328,37.9
0022500740,234,119,115,4,0,2026-02-05,LAL vs PHI,32.900000000000006,Joel Embiid,0.8,0.5666666666666667,0.0,0.5966666666666669,56.7
0022500741,194,98,96,2,0,2026-02-06,BOS vs MIA,21.400000000000002,Norman Powell,0.9,0.0,0.0,0.2133333333333334,46.9
0022500742,198,118,80,38,0,2026-02-06,DET vs NYK,15.0,Daniss Jenkins,0.0,0.0,0.0,0.0,0.0
0022500743,204,105,99,6,0,2026-02-06,MIL vs IND,21.3,Kevin Porter Jr.,0.7,0.06666666666666667,0.0,0.21000000000000002,38.1
0022500744,234,119,115,4,0,2026-02-06,MIN vs NOP,29.100000000000005,Anthony Edwards,0.8,0.5666666666666667,0.0,0.47000000000000014,52.9
0022500745,250,135,115,20,0,2026-02-06,POR vs MEM,20.999999999999996,Jrue Holiday,0.0,0.8333333333333334,0.0,0.19999999999999987,10.2
0022500746,225,114,111,3,0,2026-02-06,SAC vs LAC,28.500000000000004,Kawhi Leonard,0.85,0.4166666666666667,0.0,0.4500000000000001,53.8
0022500747,240,127,113,14,0,2026-02-07,BKN vs WAS,21.099999999999998,Justin Champagnie,0.30000000000000004,0.6666666666666666,0.0,0.20333333333333325,22.9
0022500748,218,112,106,6,0,2026-02-07,OKC vs HOU,26.399999999999995,Alperen Sengun,0.7,0.3,0.0,0.37999999999999984,44.4
0022500749,263,138,125,13,0,2026-02-07,SAS vs DAL,41.20000000000001,Stephon Castle,0.35,1.0,0.0,0.8733333333333336,47.0
0022500750,237,120,117,3,0,2026-02-07,ORL vs UTA,18.7,Paolo Banchero,0.85,0.6166666666666667,0.0,0.12333333333333331,45.0
0022500751,245,126,119,7,0,2026-02-07,ATL vs CHA,29.299999999999997,Jalen Johnson,0.65,0.75,0.0,0.47666666666666657,47.3
0022500752,256,136,120,16,0,2026-02-07,CHI vs DEN,33.7,Nikola Jokić,0.19999999999999996,0.9333333333333333,0.0,0.6233333333333334,32.4
0022500753,204,105,99,6,0,2026-02-07,LAL vs GSW,20.999999999999996,Moses Moody,0.7,0.06666666666666667,0.0,0.19999999999999987,37.8
0022500754,212,109,103,6,0,2026-02-07,PHX vs PHI,25.200000000000003,Joel Embiid,0.7,0.2,0.0,0.3400000000000001,42.7
0022500755,237,122,115,7,0,2026-02-07,POR vs MEM,23.9,Javon Small,0.65,0.6166666666666667,0.0,0.29666666666666663,41.2
0022500756,258,132,126,6,0,2026-02-07,SAC vs CLE,27.7,Jarrett Allen,0.7,0.9666666666666667,0.0,0.4233333333333333,49.0
0022500757,200,111,89,22,0,2026-02-08,BOS vs NYK,24.6,Jalen Brunson,0.0,0.0,0.0,0.32000000000000006,9.6
0022500758,233,132,101,31,0,2026-02-08,WAS vs MIA,23.799999999999997,Kasparas Jakučionis,0.0,0.55,0.0,0.2933333333333332,11.5
0022500759,226,122,104,18,0,2026-02-08,TOR vs IND,27.599999999999998,Scottie Barnes,0.09999999999999998,0.43333333333333335,0.0,0.41999999999999993,19.3
0022500760,211,115,96,19,0,2026-02-08,MIN vs LAC,31.4,Kawhi Leonard,0.050000000000000044,0.18333333333333332,0.0,0.5466666666666666,19.6
0022500761,214,110,104,6,0,2026-02-09,CHA vs DET,23.299999999999994,Cade Cunningham,0.7,0.23333333333333334,0.0,0.27666666666666645,41.0
0022500762,238,123,115,8,0,2026-02-09,BKN vs CHI,26.499999999999996,Nic Claxton,0.6,0.6333333333333333,0.0,0.3833333333333332,41.7
0022500763,226,115,111,4,0,2026-02-09,MIA vs UTA,17.8,Kyle Filipowski,0.8,0.43333333333333335,0.0,0.09333333333333335,41.0
0022500764,217,118,99,19,0,2026-02-09,ORL vs MIL,24.299999999999997,Anthony Black,0.050000000000000044,0.2833333333333333,0.0,0.3099999999999999,13.0
0022500765,254,138,116,22,0,2026-02-09,MIN vs ATL,26.799999999999997,CJ McCollum,0.0,0.9,0.0,0.39333333333333326,16.3
0022500766,214,120,94,26,0,2026-02-09,NOP vs SAC,22.0,Maxime Raynaud,0.0,0.23333333333333334,0.0,0.23333333333333334,8.2
0022500767,236,119,117,2,0,2026-02-09,DEN vs CLE,28.6,Donovan Mitchell,0.9,0.6,0.0,0.45333333333333337,57.1
0022500768,227,114,113,1,0,2026-02-09,GSW vs MEM,19.5,Al Horford,0.95,0.45,0.0,0.15,49.5
0022500769,229,119,110,9,0,2026-02-09,LAL vs OKC,19.700000000000003,LeBron James,0.55,0.48333333333333334,0.0,0.15666666666666676,31.9
0022500770,253,135,118,17,0,2026-02-09,POR vs PHI,28.299999999999997,Deni Avdija,0.15000000000000002,0.8833333333333333,0.0,0.44333333333333325,24.5
0022500771,271,137,134,3,1,2026-02-10,NYK vs IND,30.2,Jalen Brunson,0.85,1.0,0.7,0.5066666666666666,72.4
0022500772,197,102,95,7,0,2026-02-10,HOU vs LAC,18.0,Kawhi Leonard,0.65,0.0,0.0,0.1,32.2
0022500773,231,120,111,9,0,2026-02-10,PHX vs DAL,25.099999999999994,Naji Marshall,0.55,0.5166666666666667,0.0,0.3366666666666665,37.4
0022500774,244,136,108,28,0,2026-02-10,LAL vs SAS,33.7,Victor Wembanyama,0.0,0.7333333333333333,0.0,0.6233333333333334,22.4
0022500775,217,110,107,3,0,2026-02-11,CHA vs ATL,22.8,Jalen Johnson,0.85,0.2833333333333333,0.0,0.26,47.5
0022500776,251,138,113,25,0,2026-02-11,CLE vs WAS,30.9,Sam Merrill,0.0,0.85,0.0,0.5299999999999999,20.2
0022500777,224,116,108,8,0,2026-02-11,ORL vs MIL,24.7,Desmond Bane,0.6,0.4,0.0,0.3233333333333333,38.7
0022500778,229,124,105,19,0,2026-02-11,BOS vs CHI,21.5,Payton Pritchard,0.050000000000000044,0.48333333333333334,0.0,0.21666666666666667,11.2
0022500779,225,115,110,5,0,2026-02-11,BKN vs IND,25.200000000000003,Day'Ron Sharpe,0.75,0.4166666666666667,0.0,0.3400000000000001,46.0
0022500780,227,138,89,49,0,2026-02-11,PHI vs NYK,25.200000000000003,Jose Alvarado,0.0,0.45,0.0,0.3400000000000001,12.5
0022500781,208,113,95,18,0,2026-02-11,TOR vs DET,29.70000000000001,Cade Cunningham,0.09999999999999998,0.13333333333333333,0.0,0.4900000000000003,19.9
0022500782,207,105,102,3,0,2026-02-11,HOU vs LAC,23.000000000000004,Kawhi Leonard,0.85,0.11666666666666667,0.0,0.2666666666666668,46.8
0022500783,242,133,109,24,0,2026-02-11,MIN vs POR,29.700000000000003,Julius Randle,0.0,0.7,0.0,0.4900000000000001,18.2
0022500784,234,123,111,12,0,2026-02-11,NOP vs MIA,21.700000000000003,Bam Adebayo,0.4,0.5666666666666667,0.0,0.22333333333333344,27.5
0022500785,245,136,109,27,0,2026-02-11,PHX vs OKC,27.3,Jalen Williams,0.0,0.75,0.0,0.41000000000000003,16.0
0022500786,214,121,93,28,0,2026-02-11,UTA vs SAC,18.2,Jaren Jackson Jr.,0.0,0.23333333333333334,0.0,0.10666666666666665,4.4
0022500787,238,122,116,6,0,2026-02-11,DEN vs MEM,20.1,Nikola Jokić,0.7,0.6333333333333333,0.0,0.17000000000000004,39.8
0022500788,239,126,113,13,0,2026-02-11,GSW vs SAS,25.599999999999998,De'Aaron Fox,0.35,0.65,0.0,0.3533333333333333,29.6
0022500789,203,110,93,17,0,2026-02-12,OKC vs MIL,22.7,Ousmane Dieng,0.15000000000000002,0.05,0.0,0.25666666666666665,14.7
0022500790,254,135,119,16,0,2026-02-12,UTA vs POR,31.5,Jrue Holiday,0.19999999999999996,0.9,0.0,0.55,30.0
0022500791,228,124,104,20,0,2026-02-12,LAL vs DAL,25.7,LeBron James,0.0,0.4666666666666667,0.0,0.35666666666666663,13.0
0032500004,74,40,34,6,-3,2026-02-13,MEL vs AUS,10.2,Yanic Konan Niederhäuser,0.7,0.0,0.0,0.0,31.5
0032500005,77,41,36,5,-3,2026-02-13,TMC vs VIN,14.999999999999998,VJ Edgecombe,0.75,0.0,0.0,0.0,33.8
0032500006,49,25,24,1,-3,2026-02-13,MEL vs VIN,7.900000000000001,Dylan Harper,0.95,0.0,0.0,0.0,42.8
0032500011,72,37,35,2,-2,2026-02-15,STR vs WLD,14.999999999999998,Victor Wembanyama,0.9,0.0,0.0,0.0,40.5
0032500021,82,42,40,2,-3,2026-02-15,STP vs STR,9.8,Cade Cunningham,0.9,0.0,0.0,0.0,40.5
0032500031,93,48,45,3,-3,2026-02-15,STP vs WLD,28.799999999999997,Kawhi Leonard,0.85,0.0,0.0,0.4599999999999999,52.0
0032500041,68,47,21,26,-3,2026-02-15,STP vs STR,9.299999999999999,Tyrese Maxey,0.0,0.0,0.0,0.0,0.0
0022500792,206,105,101,4,0,2026-02-19,CHA vs HOU,32.699999999999996,Kevin Durant,0.8,0.1,0.0,0.5899999999999999,54.2
0022500793,196,112,84,28,0,2026-02-19,CLE vs BKN,20.4,James Harden,0.0,0.0,0.0,0.17999999999999997,5.4
0022500794,224,117,107,10,0,2026-02-19,PHI vs ATL,24.8,Jalen Johnson,0.5,0.4,0.0,0.3266666666666667,34.3
0022500795,217,112,105,7,0,2026-02-19,WAS vs IND,16.9,Tristan Vukcevic,0.65,0.2833333333333333,0.0,0.06333333333333328,32.6
0022500796,237,126,111,15,0,2026-02-19,NYK vs DET,34.699999999999996,Cade Cunningham,0.25,0.6166666666666667,0.0,0.6566666666666665,34.0
0022500797,211,110,101,9,0,2026-02-19,CHI vs TOR,23.799999999999997,Brandon Ingram,0.55,0.18333333333333332,0.0,0.2933333333333332,34.5
0022500798,215,121,94,27,0,2026-02-19,SAS vs PHX,18.900000000000002,Victor Wembanyama,0.0,0.25,0.0,0.13000000000000006,5.2
0022500799,231,121,110,11,0,2026-02-19,GSW vs BOS,24.8,Jaylen Brown,0.44999999999999996,0.5166666666666667,0.0,0.3266666666666667,32.6
0022500800,225,131,94,37,0,2026-02-19,SAC vs ORL,22.9,Paolo Banchero,0.0,0.4166666666666667,0.0,0.2633333333333333,10.0
0022500801,229,115,114,1,0,2026-02-19,LAC vs DEN,30.499999999999993,Bennedict Mathurin,0.95,0.48333333333333334,0.0,0.5166666666666664,60.7
0022500802,231,118,113,5,0,2026-02-20,CHA vs CLE,27.599999999999998,Jarrett Allen,0.75,0.5166666666666667,0.0,0.41999999999999993,48.9
0022500803,249,131,118,13,0,2026-02-20,WAS vs IND,28.900000000000002,Alondes Williams,0.35,0.8166666666666667,0.0,0.46333333333333343,33.7
0022500804,237,123,114,9,0,2026-02-20,MEM vs UTA,19.5,Isaiah Collier,0.55,0.6166666666666667,0.0,0.15,32.3
0022500805,225,128,97,31,0,2026-02-20,ATL vs MIA,20.900000000000002,Tyler Herro,0.0,0.4166666666666667,0.0,0.19666666666666674,8.0
0022500806,233,122,111,11,0,2026-02-20,MIN vs DAL,26.000000000000004,Rudy Gobert,0.44999999999999996,0.55,0.0,0.3666666666666668,34.0
0022500807,257,139,118,21,0,2026-02-20,NOP vs MIL,28.3,Ryan Rollins,0.0,0.95,0.0,0.44333333333333336,18.0
0022500808,191,105,86,19,0,2026-02-20,OKC vs BKN,18.599999999999998,Michael Porter Jr.,0.050000000000000044,0.0,0.0,0.11999999999999993,5.8
0022500809,247,125,122,3,0,2026-02-20,LAL vs LAC,34.099999999999994,Luka Dončić,0.85,0.7833333333333333,0.0,0.6366666666666665,61.3
0022500810,260,157,103,54,0,2026-02-20,POR vs DEN,33.099999999999994,Nikola Jokić,0.0,1.0,0.0,0.6033333333333332,23.1
0022500811,223,113,110,3,2,2026-02-21,PHX vs ORL,28.199999999999996,Desmond Bane,0.85,0.38333333333333336,1.0,0.43999999999999984,73.4
0022500812,237,126,111,15,0,2026-02-21,NOP vs PHI,22.9,Zion Williamson,0.25,0.6166666666666667,0.0,0.2633333333333333,22.2
0022500813,256,136,120,16,0,2026-02-21,MIA vs MEM,29.200000000000003,Andrew Wiggins,0.19999999999999996,0.9333333333333333,0.0,0.47333333333333344,27.9
0022500814,236,126,110,16,0,2026-02-21,CHI vs DET,23.5,Jalen Duren,0.19999999999999996,0.6,0.0,0.2833333333333333,20.5
0022500815,261,139,122,17,0,2026-02-21,SAS vs SAC,28.299999999999997,Victor Wembanyama,0.15000000000000002,1.0,0.0,0.44333333333333325,25.0
0022500816,214,108,106,2,0,2026-02-21,NYK vs HOU,19.499999999999996,Karl-Anthony Towns,0.9,0.23333333333333334,0.0,0.14999999999999988,46.2
0022500817,234,121,113,8,0,2026-02-22,OKC vs CLE,21.1,Cason Wallace,0.6,0.5666666666666667,0.0,0.2033333333333334,35.9
0022500818,219,115,104,11,0,2026-02-22,ATL vs BKN,16.700000000000003,Nickeil Alexander-Walker,0.44999999999999996,0.31666666666666665,0.0,0.05666666666666676,23.5
0022500819,216,122,94,28,0,2026-02-22,MIL vs TOR,29.900000000000002,Immanuel Quickley,0.0,0.26666666666666666,0.0,0.49666666666666676,16.2
0022500820,245,128,117,11,0,2026-02-22,GSW vs DEN,40.1,Nikola Jokić,0.44999999999999996,0.75,0.0,0.8366666666666667,49.1
0022500821,264,134,130,4,0,2026-02-22,IND vs DAL,23.699999999999996,Khris Middleton,0.8,1.0,0.0,0.28999999999999987,49.7
0022500822,241,129,112,17,0,2026-02-22,WAS vs CHA,36.1,LaMelo Ball,0.15000000000000002,0.6833333333333333,0.0,0.7033333333333334,31.3
0022500823,200,111,89,22,0,2026-02-22,LAL vs BOS,26.200000000000003,Payton Pritchard,0.0,0.0,0.0,0.3733333333333334,11.2
0022500824,243,135,108,27,0,2026-02-22,MIN vs PHI,28.800000000000004,Tyrese Maxey,0.0,0.7166666666666667,0.0,0.46000000000000013,17.4
0022500825,204,105,99,6,0,2026-02-22,CHI vs NYK,24.400000000000002,Karl-Anthony Towns,0.7,0.06666666666666667,0.0,0.3133333333333334,41.2
0022500826,169,92,77,15,0,2026-02-22,PHX vs POR,21.900000000000002,Donovan Clingan,0.25,0.0,0.0,0.23000000000000007,18.2
0022500827,220,111,109,2,0,2026-02-22,LAC vs ORL,29.699999999999996,Kawhi Leonard,0.9,0.3333333333333333,0.0,0.4899999999999999,56.9
0022500828,217,114,103,11,0,2026-02-23,DET vs SAS,24.599999999999998,Jalen Duren,0.44999999999999996,0.2833333333333333,0.0,0.31999999999999995,31.3
0022500829,237,123,114,9,0,2026-02-23,MEM vs SAC,24.1,Javon Small,0.55,0.6166666666666667,0.0,0.3033333333333334,36.9
0022500830,230,125,105,20,0,2026-02-23,HOU vs UTA,26.499999999999996,Jabari Smith Jr.,0.0,0.5,0.0,0.3833333333333332,14.0
0022500831,249,135,114,21,0,2026-02-24,IND vs PHI,29.199999999999996,Tyrese Maxey,0.0,0.8166666666666667,0.0,0.4733333333333332,18.3
0022500832,217,119,98,21,0,2026-02-24,ATL vs WAS,27.500000000000007,Jonathan Kuminga,0.0,0.2833333333333333,0.0,0.4166666666666669,13.9
0022500833,237,123,114,9,0,2026-02-24,BKN vs DAL,20.5,Nic Claxton,0.55,0.6166666666666667,0.0,0.18333333333333332,33.3
0022500834,223,116,107,9,0,2026-02-24,TOR vs OKC,24.9,Cason Wallace,0.55,0.38333333333333336,0.0,0.32999999999999996,36.6
0022500835,203,109,94,15,0,2026-02-24,CLE vs NYK,21.3,Jarrett Allen,0.25,0.05,0.0,0.21000000000000002,17.8
0022500836,230,131,99,32,0,2026-02-24,CHI vs CHA,26.000000000000004,Matas Buzelis,0.0,0.5,0.0,0.3666666666666668,13.5
0022500837,245,128,117,11,0,2026-02-24,MIL vs MIA,31.500000000000007,Kevin Porter Jr.,0.44999999999999996,0.75,0.0,0.5500000000000003,40.5
0022500838,222,113,109,4,0,2026-02-24,NOP vs GSW,19.2,Zion Williamson,0.8,0.36666666666666664,0.0,0.13999999999999999,42.0
0022500839,178,97,81,16,0,2026-02-24,PHX vs BOS,23.500000000000007,Derrick White,0.19999999999999996,0.0,0.0,0.28333333333333355,17.5
0022500840,219,110,109,1,0,2026-02-24,LAL vs ORL,27.8,Paolo Banchero,0.95,0.31666666666666665,0.0,0.4266666666666667,57.1
0022500841,245,124,121,3,0,2026-02-24,POR vs MIN,28.499999999999993,Jaden McDaniels,0.85,0.75,0.0,0.4499999999999998,55.5
0022500842,240,124,116,8,0,2026-02-25,DET vs OKC,28.899999999999995,Jalen Duren,0.6,0.6666666666666666,0.0,0.46333333333333315,44.2
0022500843,217,110,107,3,0,2026-02-25,TOR vs SAS,16.8,Devin Vassell,0.85,0.2833333333333333,0.0,0.060000000000000026,41.5
0022500844,245,133,112,21,0,2026-02-25,MEM vs GSW,22.200000000000003,Will Richard,0.0,0.75,0.0,0.2400000000000001,11.0
0022500845,225,128,97,31,0,2026-02-25,HOU vs SAC,35.4,Alperen Sengun,0.0,0.4166666666666667,0.0,0.6799999999999999,22.5
0022500846,234,118,116,2,0,2026-02-25,MIL vs CLE,28.2,Jarrett Allen,0.9,0.5666666666666667,0.0,0.44,56.5
0022500847,187,103,84,19,0,2026-02-25,DEN vs BOS,20.8,Nikola Jokić,0.050000000000000044,0.0,0.0,0.19333333333333336,8.0
0022500848,242,133,109,24,0,2026-02-26,IND vs CHA,25.6,Brandon Miller,0.0,0.7,0.0,0.3533333333333334,14.1
0022500849,241,124,117,7,0,2026-02-26,PHI vs MIA,26.2,Tyrese Maxey,0.65,0.6833333333333333,0.0,0.3733333333333333,43.9
0022500850,222,126,96,30,0,2026-02-26,ATL vs WAS,25.7,Corey Kispert,0.0,0.36666666666666664,0.0,0.35666666666666663,12.5
0022500851,236,126,110,16,0,2026-02-26,BKN vs SAS,26.6,Julian Champagnie,0.19999999999999996,0.6,0.0,0.3866666666666667,23.6
0022500852,221,113,108,5,0,2026-02-26,ORL vs HOU,30.900000000000006,Kevin Durant,0.75,0.35,0.0,0.5300000000000001,51.4
0022500853,233,121,112,9,0,2026-02-26,CHI vs POR,23.699999999999992,Jerami Grant,0.55,0.55,0.0,0.28999999999999976,36.2
0022500854,251,130,121,9,0,2026-02-26,DAL vs SAC,32.2,Precious Achiuwa,0.55,0.85,0.0,0.5733333333333335,46.2
0022500855,223,113,110,3,0,2026-02-26,PHX vs LAL,37.300000000000004,Luka Dončić,0.85,0.38333333333333336,0.0,0.7433333333333335,62.5
0022500856,247,129,118,11,0,2026-02-26,UTA vs NOP,38.4,Saddiq Bey,0.44999999999999996,0.7833333333333333,0.0,0.7799999999999999,47.6
0022500857,182,94,88,6,0,2026-02-26,LAC vs MIN,20.2,Anthony Edwards,0.7,0.0,0.0,0.1733333333333333,36.7
0022500858,241,122,119,3,1,2026-02-27,DET vs CLE,34.9,Jalen Duren,0.85,0.6833333333333333,0.7,0.6633333333333333,75.6
0022500859,259,148,111,37,0,2026-02-27,BOS vs BKN,29.500000000000004,Jaylen Brown,0.0,0.9833333333333333,0.0,0.48333333333333345,19.4
0022500860,225,127,98,29,0,2026-02-27,MIL vs NYK,22.599999999999998,OG Anunoby,0.0,0.4166666666666667,0.0,0.25333333333333324,9.7
0022500861,229,124,105,19,0,2026-02-27,DAL vs MEM,21.5,Cam Spencer,0.050000000000000044,0.48333333333333334,0.0,0.21666666666666667,11.2
0022500862,248,127,121,6,1,2026-02-27,OKC vs DEN,30.9,Jamal Murray,0.7,0.8,0.7,0.5299999999999999,65.4
0022500863,202,109,93,16,0,2026-02-28,CHA vs POR,18.700000000000003,Jrue Holiday,0.19999999999999996,0.03333333333333333,0.0,0.12333333333333343,12.9
0022500864,220,115,105,10,0,2026-02-28,MIA vs HOU,29.9,Kevin Durant,0.5,0.3333333333333333,0.0,0.49666666666666665,39.1
0022500865,259,134,125,9,0,2026-02-28,WAS vs TOR,27.400000000000002,Immanuel Quickley,0.55,0.9833333333333333,0.0,0.4133333333333334,42.1
0022500866,230,129,101,28,0,2026-02-28,GSW vs LAL,24.0,Luka Dončić,0.0,0.5,0.0,0.3,11.5
0022500867,220,115,105,10,0,2026-02-28,UTA vs NOP,18.599999999999998,Isaiah Collier,0.5,0.3333333333333333,0.0,0.11999999999999993,27.8
0022500868,203,114,89,25,0,2026-03-01,NYK vs SAS,22.799999999999997,Mikal Bridges,0.0,0.05,0.0,0.2599999999999999,8.0
0022500869,208,106,102,4,0,2026-03-01,BKN vs CLE,22.3,Danny Wolf,0.8,0.13333333333333333,0.0,0.24333333333333335,44.0
0022500870,217,120,97,23,0,2026-03-01,CHI vs MIL,24.1,Josh Giddey,0.0,0.2833333333333333,0.0,0.3033333333333334,10.5
0022500871,225,117,108,9,0,2026-03-01,DEN vs MIN,31.199999999999996,Nikola Jokić,0.55,0.4166666666666667,0.0,0.5399999999999998,43.0
0022500872,231,125,106,19,0,2026-03-01,IND vs MEM,18.0,Olivier-Maxence Prosper,0.050000000000000044,0.5166666666666667,0.0,0.1,7.8
0022500873,236,135,101,34,0,2026-03-01,ATL vs POR,25.8,Onyeka Okongwu,0.0,0.6,0.0,0.36000000000000004,13.8
0022500874,212,114,98,16,0,2026-03-01,BOS vs PHI,32.0,Neemias Queta,0.19999999999999996,0.2,0.0,0.5666666666666667,27.0
0022500875,198,106,92,14,0,2026-03-01,ORL vs DET,21.999999999999996,Cade Cunningham,0.30000000000000004,0.0,0.0,0.23333333333333323,20.5
0022500876,187,100,87,13,0,2026-03-01,DAL vs OKC,25.299999999999997,Shai Gilgeous-Alexander,0.35,0.0,0.0,0.3433333333333332,26.0
0022500877,254,137,117,20,0,2026-03-01,LAC vs NOP,24.400000000000002,Jordan Miller,0.0,0.9,0.0,0.3133333333333334,13.9
0022500878,232,128,104,24,0,2026-03-01,LAL vs SAC,27.700000000000003,Luka Dončić,0.0,0.5333333333333333,0.0,0.42333333333333345,15.4
0022500879,241,123,118,5,0,2026-03-02,WAS vs HOU,22.3,Amen Thompson,0.75,0.6833333333333333,0.0,0.24333333333333335,44.5
0022500880,189,108,81,27,0,2026-03-02,MIL vs BOS,19.800000000000004,Payton Pritchard,0.0,0.0,0.0,0.16000000000000014,4.8
0022500881,253,128,125,3,0,2026-03-02,UTA vs DEN,36.50000000000001,Jamal Murray,0.85,0.8833333333333333,0.0,0.7166666666666669,64.2
0022500882,215,114,101,13,0,2026-03-02,GSW vs LAC,23.400000000000006,Kawhi Leonard,0.35,0.25,0.0,0.2800000000000002,25.4
0022500883,207,117,90,27,0,2026-03-03,CHA vs DAL,14.499999999999996,Brandon Miller,0.0,0.11666666666666667,0.0,0.0,0.6
0022500884,222,113,109,4,0,2026-03-03,CLE vs DET,22.699999999999996,Jalen Duren,0.8,0.36666666666666664,0.0,0.25666666666666654,45.5
0022500885,235,126,109,17,0,2026-03-03,ORL vs WAS,30.799999999999997,Paolo Banchero,0.15000000000000002,0.5833333333333334,0.0,0.5266666666666666,25.5
0022500886,222,124,98,26,0,2026-03-03,MIA vs BKN,22.000000000000004,Bam Adebayo,0.0,0.36666666666666664,0.0,0.23333333333333345,8.8
0022500887,206,111,95,16,0,2026-03-03,TOR vs NYK,24.1,Brandon Ingram,0.19999999999999996,0.1,0.0,0.3033333333333334,18.6
0022500888,222,131,91,40,0,2026-03-03,PHI vs SAS,20.9,Devin Vassell,0.0,0.36666666666666664,0.0,0.19666666666666663,7.7
0022500889,224,116,108,8,0,2026-03-03,CHI vs OKC,21.1,Jaylin Williams,0.6,0.4,0.0,0.2033333333333334,35.1
0022500890,227,117,110,7,0,2026-03-03,MIN vs MEM,32.800000000000004,Anthony Edwards,0.65,0.45,0.0,0.5933333333333335,49.3
0022500891,211,110,101,9,0,2026-03-03,LAL vs NOP,17.199999999999996,LeBron James,0.55,0.18333333333333332,0.0,0.0733333333333332,27.9
0022500892,217,114,103,11,0,2026-03-03,SAC vs PHX,22.000000000000004,Maxime Raynaud,0.44999999999999996,0.2833333333333333,0.0,0.23333333333333345,28.7
0022500893,203,103,100,3,0,2026-03-04,NYK vs OKC,21.7,Shai Gilgeous-Alexander,0.85,0.05,0.0,0.2233333333333333,45.2
0022500894,207,118,89,29,0,2026-03-04,BOS vs CHA,23.000000000000007,Derrick White,0.0,0.11666666666666667,0.0,0.2666666666666669,8.6
0022500895,208,106,102,4,0,2026-03-04,PHI vs UTA,20.1,Jabari Walker,0.8,0.13333333333333333,0.0,0.17000000000000004,41.8
0022500896,236,122,114,8,0,2026-03-04,MEM vs POR,34.5,Jrue Holiday,0.6,0.6,0.0,0.65,49.5
0022500897,244,131,113,18,0,2026-03-04,MIL vs ATL,19.9,Onyeka Okongwu,0.09999999999999998,0.7333333333333333,0.0,0.16333333333333327,13.1
0022500898,237,130,107,23,0,2026-03-04,LAC vs IND,24.799999999999997,Kawhi Leonard,0.0,0.6166666666666667,0.0,0.32666666666666655,12.9
0022500899,229,115,114,1,0,2026-03-05,ORL vs DAL,22.300000000000004,Tristan da Silva,0.95,0.48333333333333334,0.0,0.24333333333333348,52.5
0022500900,234,122,112,10,0,2026-03-05,WAS vs UTA,25.6,Ace Bailey,0.5,0.5666666666666667,0.0,0.3533333333333334,35.9
0022500901,236,126,110,16,0,2026-03-05,MIA vs BKN,25.799999999999997,Kel'el Ware,0.19999999999999996,0.6,0.0,0.35999999999999993,22.8
0022500902,228,115,113,2,1,2026-03-05,HOU vs GSW,22.2,Amen Thompson,0.9,0.4666666666666667,0.7,0.23999999999999996,64.0
0022500903,222,115,107,8,0,2026-03-05,MIN vs TOR,24.999999999999996,Rudy Gobert,0.6,0.36666666666666664,0.0,0.3333333333333332,38.8
0022500904,227,121,106,15,0,2026-03-05,SAS vs DET,34.8,Victor Wembanyama,0.25,0.45,0.0,0.6599999999999999,33.3
0022500905,208,105,103,2,0,2026-03-05,PHX vs CHI,25.700000000000003,Collin Sexton,0.9,0.13333333333333333,0.0,0.35666666666666674,51.9
0022500906,233,120,113,7,0,2026-03-05,DEN vs LAL,26.5,Nikola Jokić,0.65,0.55,0.0,0.38333333333333336,43.5
0022500907,256,133,123,10,0,2026-03-05,SAC vs NOP,30.899999999999995,Precious Achiuwa,0.5,0.9333333333333333,0.0,0.5299999999999998,43.1
0022500908,220,120,100,20,0,2026-03-06,BOS vs DAL,21.7,Jaylen Brown,0.0,0.3333333333333333,0.0,0.2233333333333333,8.4
0022500909,248,128,120,8,0,2026-03-06,CHA vs MIA,32.599999999999994,Tyler Herro,0.6,0.8,0.0,0.5866666666666664,48.6
0022500910,205,106,99,7,0,2026-03-06,HOU vs POR,29.9,Amen Thompson,0.65,0.08333333333333333,0.0,0.49666666666666665,44.6
0022500911,245,142,103,39,0,2026-03-06,DEN vs NYK,37.6,OG Anunoby,0.0,0.75,0.0,0.7533333333333334,26.4
0022500912,234,118,116,2,0,2026-03-06,PHX vs NOP,22.900000000000002,Devin Booker,0.9,0.5666666666666667,0.0,0.2633333333333334,51.2
0022500913,228,116,112,4,0,2026-03-06,SAS vs LAC,25.400000000000002,Kawhi Leonard,0.8,0.4666666666666667,0.0,0.34666666666666673,48.7
0022500914,245,128,117,11,0,2026-03-06,LAL vs IND,38.900000000000006,Luka Dončić,0.44999999999999996,0.75,0.0,0.7966666666666669,47.9
0022500915,211,119,92,27,0,2026-03-07,MIN vs ORL,29.1,Anthony Edwards,0.0,0.18333333333333332,0.0,0.47000000000000003,15.0
0022500916,212,107,105,2,0,2026-03-07,DET vs BKN,21.799999999999997,Michael Porter Jr.,0.9,0.2,0.0,0.22666666666666657,48.3
0022500917,241,125,116,9,0,2026-03-07,ATL vs PHI,31.4,Jalen Johnson,0.55,0.6833333333333333,0.0,0.5466666666666666,44.6
0022500918,243,123,120,3,0,2026-03-07,MEM vs LAC,25.199999999999996,Kawhi Leonard,0.85,0.7166666666666667,0.0,0.33999999999999986,52.0
0022500919,212,113,99,14,0,2026-03-07,MIL vs UTA,28.700000000000003,Giannis Antetokounmpo,0.30000000000000004,0.2,0.0,0.4566666666666668,28.2
0022500920,201,104,97,7,0,2026-03-07,OKC vs GSW,20.8,Shai Gilgeous-Alexander,0.65,0.016666666666666666,0.0,0.19333333333333336,35.1
0022500921,207,109,98,11,0,2026-03-08,CLE vs BOS,27.8,Donovan Mitchell,0.44999999999999996,0.11666666666666667,0.0,0.4266666666666667,33.6
0022500922,207,110,97,13,0,2026-03-08,LAL vs NYK,23.2,Austin Reaves,0.35,0.11666666666666667,0.0,0.2733333333333333,24.5
0022500923,231,121,110,11,0,2026-03-08,MIA vs DET,22.3,Bam Adebayo,0.44999999999999996,0.5166666666666667,0.0,0.24333333333333335,30.1
0022500924,214,122,92,30,0,2026-03-08,TOR vs DAL,25.499999999999996,Daniel Gafford,0.0,0.23333333333333334,0.0,0.34999999999999987,11.7
0022500925,256,138,118,20,0,2026-03-08,NOP vs WAS,22.7,Trey Murphy III,0.0,0.9333333333333333,0.0,0.25666666666666665,12.4
0022500926,221,130,91,39,0,2026-03-08,MIL vs ORL,28.3,Paolo Banchero,0.0,0.35,0.0,0.44333333333333336,15.0
0022500927,265,145,120,25,0,2026-03-08,SAS vs HOU,31.000000000000004,Victor Wembanyama,0.0,1.0,0.0,0.5333333333333334,21.0
0022500928,210,111,99,12,0,2026-03-08,PHX vs CHA,25.699999999999996,Devin Booker,0.4,0.16666666666666666,0.0,0.3566666666666665,29.5
0022500929,242,131,111,20,0,2026-03-08,POR vs IND,27.099999999999998,Scoot Henderson,0.0,0.7,0.0,0.40333333333333327,15.6
0022500930,236,126,110,16,0,2026-03-08,SAC vs CHI,26.6,Russell Westbrook,0.19999999999999996,0.6,0.0,0.3866666666666667,23.6
0022500931,216,115,101,14,0,2026-03-09,CLE vs PHI,19.0,James Harden,0.30000000000000004,0.26666666666666666,0.0,0.13333333333333333,18.8
0022500932,241,126,115,11,0,2026-03-09,BKN vs MEM,18.1,Day'Ron Sharpe,0.44999999999999996,0.6833333333333333,0.0,0.10333333333333337,26.8
0022500933,255,129,126,3,0,2026-03-09,OKC vs DEN,40.0,Shai Gilgeous-Alexander,0.85,0.9166666666666666,0.0,0.8333333333333334,67.8
0022500934,235,119,116,3,0,2026-03-09,UTA vs GSW,20.900000000000002,Kyle Filipowski,0.85,0.5833333333333334,0.0,0.19666666666666674,47.1
0022500935,244,126,118,8,0,2026-03-09,LAC vs NYK,32.10000000000001,Karl-Anthony Towns,0.6,0.7333333333333333,0.0,0.5700000000000003,47.8
0022500936,268,139,129,10,0,2026-03-10,PHI vs MEM,39.699999999999996,Cameron Payne,0.5,1.0,0.0,0.8233333333333331,52.2
0022500937,238,138,100,38,0,2026-03-10,BKN vs DET,26.199999999999996,Jalen Duren,0.0,0.6333333333333333,0.0,0.3733333333333332,14.4
0022500938,279,150,129,21,0,2026-03-10,MIA vs WAS,60.500000000000014,Bam Adebayo,0.0,1.0,0.0,1.0,35.0
0022500939,236,124,112,12,0,2026-03-10,ATL vs DAL,25.499999999999996,Jalen Johnson,0.4,0.6,0.0,0.34999999999999987,31.5
0022500940,212,113,99,14,0,2026-03-10,HOU vs TOR,26.999999999999996,Kevin Durant,0.30000000000000004,0.2,0.0,0.39999999999999986,26.5
0022500941,243,129,114,15,0,2026-03-10,MIL vs PHX,25.599999999999994,Kyle Kuzma,0.25,0.7166666666666667,0.0,0.35333333333333317,25.4
0022500942,241,125,116,9,0,2026-03-10,SAS vs BOS,30.0,Victor Wembanyama,0.55,0.6833333333333333,0.0,0.5,43.2
0022500943,254,130,124,6,1,2026-03-10,GSW vs CHI,33.0,Matas Buzelis,0.7,0.9,0.7,0.6,68.0
0022500944,204,103,101,2,0,2026-03-10,POR vs CHA,19.6,Jerami Grant,0.9,0.06666666666666667,0.0,0.15333333333333338,45.4
0022500945,223,114,109,5,0,2026-03-10,SAC vs IND,21.6,Aaron Nesmith,0.75,0.38333333333333336,0.0,0.22000000000000006,42.3
0022500946,226,120,106,14,0,2026-03-10,LAL vs MIN,27.900000000000002,Luka Dončić,0.30000000000000004,0.43333333333333335,0.0,0.43000000000000005,28.6
0022500947,250,128,122,6,0,2026-03-11,ORL vs CLE,31.5,Desmond Bane,0.7,0.8333333333333334,0.0,0.55,52.2
0022500948,233,122,111,11,0,2026-03-11,NOP vs TOR,25.8,Trey Murphy III,0.44999999999999996,0.55,0.0,0.36000000000000004,33.8
0022500949,251,134,117,17,0,2026-03-11,UTA vs NYK,26.0,Jalen Brunson,0.15000000000000002,0.85,0.0,0.36666666666666664,22.0
0022500950,222,129,93,36,0,2026-03-11,DEN vs HOU,23.799999999999997,Nikola Jokić,0.0,0.36666666666666664,0.0,0.2933333333333332,10.6
0022500951,226,117,109,8,0,2026-03-11,SAC vs CHA,33.3,DeMar DeRozan,0.6,0.43333333333333335,0.0,0.6099999999999999,47.5
0022500952,281,153,128,25,0,2026-03-11,LAC vs MIN,43.00000000000001,Kawhi Leonard,0.0,1.0,0.0,0.9333333333333336,33.0
0022500953,240,131,109,22,0,2026-03-12,DET vs PHI,18.2,Duncan Robinson,0.0,0.6666666666666666,0.0,0.10666666666666665,6.5
0022500954,231,123,108,15,0,2026-03-12,IND vs PHX,31.80000000000001,Devin Booker,0.25,0.5166666666666667,0.0,0.5600000000000004,30.6
0022500955,267,136,131,5,1,2026-03-12,ORL vs WAS,25.100000000000005,Jalen Suggs,0.75,1.0,0.7,0.33666666666666684,62.9
0022500956,205,108,97,11,0,2026-03-12,ATL vs BKN,23.599999999999994,Josh Minott,0.44999999999999996,0.08333333333333333,0.0,0.28666666666666646,29.3
0022500957,217,112,105,7,0,2026-03-12,MIA vs MIL,27.400000000000006,Pelle Larsson,0.65,0.2833333333333333,0.0,0.4133333333333335,43.1
0022500958,267,136,131,5,0,2026-03-12,SAS vs DEN,38.5,Nikola Jokić,0.75,1.0,0.0,0.7833333333333333,62.3
0022500959,206,104,102,2,0,2026-03-12,OKC vs BOS,35.00000000000001,Shai Gilgeous-Alexander,0.9,0.1,0.0,0.6666666666666669,61.0
0022500960,272,142,130,12,0,2026-03-12,LAL vs CHI,46.49999999999999,Luka Dončić,0.4,1.0,0.0,1.0,53.0
0022501111,232,120,112,8,0,2026-03-12,MEM vs DAL,31.2,Khris Middleton,0.6,0.5333333333333333,0.0,0.5399999999999999,45.9
0022500961,236,126,110,16,0,2026-03-13,DET vs MEM,27.999999999999993,Jalen Duren,0.19999999999999996,0.6,0.0,0.43333333333333307,25.0
0022500962,193,101,92,9,0,2026-03-13,IND vs NYK,21.1,Jalen Brunson,0.55,0.0,0.0,0.2033333333333334,30.9
0022500963,237,122,115,7,0,2026-03-13,TOR vs PHX,31.6,Brandon Ingram,0.65,0.6166666666666667,0.0,0.5533333333333333,48.9
0022500964,212,107,105,2,0,2026-03-13,HOU vs NOP,29.900000000000002,Dejounte Murray,0.9,0.2,0.0,0.49666666666666676,56.4
0022500965,243,138,105,33,0,2026-03-13,DAL vs CLE,23.4,Donovan Mitchell,0.0,0.7166666666666667,0.0,0.27999999999999997,12.0
0022500966,244,127,117,10,0,2026-03-13,GSW vs MIN,36.60000000000001,Anthony Edwards,0.5,0.7333333333333333,0.0,0.7200000000000003,47.8
0022500967,238,124,114,10,0,2026-03-13,POR vs UTA,29.1,Donovan Clingan,0.5,0.6333333333333333,0.0,0.47000000000000003,39.8
0022500968,227,119,108,11,0,2026-03-13,LAC vs CHI,19.799999999999997,Josh Giddey,0.44999999999999996,0.45,0.0,0.1599999999999999,27.3
0022500969,201,104,97,7,0,2026-03-14,PHI vs BKN,19.6,Quentin Grimes,0.65,0.016666666666666666,0.0,0.15333333333333338,33.9
0022500970,221,122,99,23,0,2026-03-14,ATL vs MIL,24.4,Ryan Rollins,0.0,0.35,0.0,0.3133333333333333,11.1
0022500971,211,111,100,11,0,2026-03-14,BOS vs WAS,25.999999999999996,Neemias Queta,0.44999999999999996,0.18333333333333332,0.0,0.36666666666666653,32.2
0022500972,238,121,117,4,0,2026-03-14,MIA vs ORL,23.299999999999997,Paolo Banchero,0.8,0.6333333333333333,0.0,0.27666666666666656,47.5
0022500973,217,115,102,13,0,2026-03-14,SAS vs CHA,31.6,Victor Wembanyama,0.35,0.2833333333333333,0.0,0.5533333333333333,33.8
0022500974,252,127,125,2,1,2026-03-14,LAL vs DEN,31.000000000000007,Nikola Jokić,0.9,0.8666666666666667,0.7,0.5333333333333335,74.8
0022500975,227,118,109,9,0,2026-03-14,LAC vs SAC,24.200000000000003,Precious Achiuwa,0.55,0.45,0.0,0.30666666666666675,36.2
0022500976,219,116,103,13,0,2026-03-15,OKC vs MIN,28.599999999999994,Julius Randle,0.35,0.31666666666666665,0.0,0.45333333333333314,30.9
0022500977,250,130,120,10,0,2026-03-15,CLE vs DAL,24.599999999999998,Naji Marshall,0.5,0.8333333333333334,0.0,0.31999999999999995,36.3
0022500978,227,119,108,11,0,2026-03-15,TOR vs DET,27.400000000000002,Jakob Poeltl,0.44999999999999996,0.45,0.0,0.4133333333333334,34.9
0022500979,257,134,123,11,0,2026-03-15,MIL vs IND,29.199999999999996,Giannis Antetokounmpo,0.44999999999999996,0.95,0.0,0.4733333333333332,39.2
0022500980,212,109,103,6,0,2026-03-15,PHI vs POR,24.199999999999996,Quentin Grimes,0.7,0.2,0.0,0.30666666666666653,41.7
0022500981,217,110,107,3,0,2026-03-15,NYK vs GSW,25.500000000000004,Jalen Brunson,0.85,0.2833333333333333,0.0,0.35000000000000014,50.2
0022500982,227,116,111,5,0,2026-03-15,SAC vs UTA,36.8,DeMar DeRozan,0.75,0.45,0.0,0.7266666666666666,57.8
0022500983,236,124,112,12,0,2026-03-16,ATL vs ORL,36.1,Nickeil Alexander-Walker,0.4,0.6,0.0,0.7033333333333334,42.1
0022500984,242,125,117,8,0,2026-03-16,WAS vs GSW,28.7,Kristaps Porziņģis,0.6,0.7,0.0,0.45666666666666667,44.2
0022500985,209,114,95,19,0,2026-03-16,BKN vs POR,18.099999999999998,Toumani Camara,0.050000000000000044,0.15,0.0,0.10333333333333326,6.1
0022500986,232,120,112,8,0,2026-03-16,BOS vs PHX,34.599999999999994,Jaylen Brown,0.6,0.5333333333333333,0.0,0.6533333333333331,49.3
0022500987,239,132,107,25,0,2026-03-16,CHI vs MEM,25.0,Josh Giddey,0.0,0.65,0.0,0.3333333333333333,13.2
0022500988,240,129,111,18,0,2026-03-16,NOP vs DAL,26.499999999999996,Naji Marshall,0.09999999999999998,0.6666666666666666,0.0,0.3833333333333332,19.3
0022500989,192,100,92,8,0,2026-03-16,HOU vs LAL,24.500000000000007,Luka Dončić,0.6,0.0,0.0,0.31666666666666693,36.5
0022500990,234,119,115,4,0,2026-03-16,LAC vs SAS,22.9,Jordan Miller,0.8,0.5666666666666667,0.0,0.2633333333333333,46.7
0022500991,242,136,106,30,0,2026-03-17,CHA vs MIA,25.099999999999998,LaMelo Ball,0.0,0.7,0.0,0.3366666666666666,13.6
0022500992,221,113,108,5,0,2026-03-17,ORL vs OKC,29.000000000000007,Shai Gilgeous-Alexander,0.75,0.35,0.0,0.4666666666666669,49.5
0022500993,247,130,117,13,0,2026-03-17,WAS vs DET,33.70000000000001,Jalen Duren,0.35,0.7833333333333333,0.0,0.6233333333333336,38.4
0022500994,246,136,110,26,0,2026-03-17,NYK vs IND,33.89999999999999,Josh Hart,0.0,0.7666666666666667,0.0,0.6299999999999997,22.7
0022500995,239,123,116,7,0,2026-03-17,MIL vs CLE,26.499999999999996,James Harden,0.65,0.65,0.0,0.3833333333333332,44.0
0022500996,220,116,104,12,0,2026-03-17,MIN vs PHX,22.2,Julius Randle,0.4,0.3333333333333333,0.0,0.23999999999999996,26.9
0022500997,220,124,96,28,0,2026-03-17,DEN vs PHI,23.1,Christian Braun,0.0,0.3333333333333333,0.0,0.2700000000000001,9.8
0022500998,236,132,104,28,0,2026-03-17,SAC vs SAS,22.0,Maxime Raynaud,0.0,0.6,0.0,0.23333333333333334,10.0
0022500651,243,125,118,7,0,2026-03-18,MEM vs DEN,24.5,Christian Braun,0.65,0.7166666666666667,0.0,0.31666666666666665,42.3
0022500999,219,120,99,21,0,2026-03-18,BOS vs GSW,24.299999999999997,Jaylen Brown,0.0,0.31666666666666665,0.0,0.3099999999999999,10.9
0022501000,213,121,92,29,0,2026-03-18,BKN vs OKC,24.2,Shai Gilgeous-Alexander,0.0,0.21666666666666667,0.0,0.30666666666666664,10.3
0022501001,246,127,119,8,0,2026-03-18,IND vs POR,25.6,Donovan Clingan,0.6,0.7666666666666667,0.0,0.3533333333333334,41.4
0022501002,248,139,109,30,0,2026-03-18,CHI vs TOR,17.6,Ja'Kobe Walter,0.0,0.8,0.0,0.08666666666666671,6.6
0022501004,258,147,111,36,0,2026-03-18,MIN vs UTA,24.599999999999998,Brice Sensabaugh,0.0,0.9666666666666667,0.0,0.31999999999999995,14.4
0022501005,233,124,109,15,0,2026-03-18,NOP vs LAC,21.3,Kawhi Leonard,0.25,0.55,0.0,0.21000000000000002,20.3
0022501006,255,135,120,15,0,2026-03-18,DAL vs ATL,23.500000000000004,Daniel Gafford,0.25,0.9166666666666666,0.0,0.28333333333333344,24.3
0022501007,240,124,116,8,0,2026-03-18,HOU vs LAL,29.799999999999997,Luka Dončić,0.6,0.6666666666666666,0.0,0.49333333333333323,45.1
0022501008,241,130,111,19,0,2026-03-19,CHA vs ORL,22.799999999999994,Brandon Miller,0.050000000000000044,0.6833333333333333,0.0,0.2599999999999998,13.5
0022501009,212,117,95,22,0,2026-03-19,WAS vs DET,23.0,Jalen Duren,0.0,0.2,0.0,0.26666666666666666,9.0
0022501010,260,134,126,8,0,2026-03-19,MIA vs LAL,51.800000000000004,Luka Dončić,0.6,1.0,0.0,1.0,62.0
0022501011,225,115,110,5,0,2026-03-19,CHI vs CLE,27.6,James Harden,0.75,0.4166666666666667,0.0,0.42000000000000004,48.4
0022501012,204,105,99,6,0,2026-03-19,NOP vs LAC,21.7,Saddiq Bey,0.7,0.06666666666666667,0.0,0.2233333333333333,38.5
0022501013,201,101,100,1,0,2026-03-19,SAS vs PHX,29.000000000000007,Victor Wembanyama,0.95,0.016666666666666666,0.0,0.4666666666666669,56.8
0022501014,224,128,96,32,0,2026-03-19,UTA vs MIL,24.3,Ace Bailey,0.0,0.4,0.0,0.31,11.3
0022501015,257,139,118,21,0,2026-03-19,SAC vs PHI,36.400000000000006,VJ Edgecombe,0.0,0.95,0.0,0.7133333333333335,26.2
0022501016,185,93,92,1,0,2026-03-20,BKN vs NYK,19.799999999999997,Karl-Anthony Towns,0.95,0.0,0.0,0.1599999999999999,47.6
0022501017,216,115,101,14,0,2026-03-20,DET vs GSW,22.5,Daniss Jenkins,0.30000000000000004,0.26666666666666666,0.0,0.25,22.3
0022501018,212,117,95,22,0,2026-03-20,HOU vs ATL,26.2,Kevin Durant,0.0,0.2,0.0,0.3733333333333333,12.2
0022501019,229,117,112,5,0,2026-03-20,MEM vs BOS,22.5,Jaylen Brown,0.75,0.48333333333333334,0.0,0.25,43.7
0022501020,212,108,104,4,0,2026-03-20,MIN vs POR,24.4,Donovan Clingan,0.8,0.2,0.0,0.3133333333333333,46.4
0022501021,236,121,115,6,0,2026-03-20,DEN vs TOR,26.9,Jamal Murray,0.7,0.6,0.0,0.3966666666666666,46.4
0022501022,243,132,111,21,0,2026-03-21,WAS vs OKC,29.699999999999996,Shai Gilgeous-Alexander,0.0,0.7166666666666667,0.0,0.4899999999999999,18.3
0022501023,225,124,101,23,0,2026-03-21,CHA vs MEM,22.100000000000005,LaMelo Ball,0.0,0.4166666666666667,0.0,0.23666666666666683,9.2
0022501024,209,105,104,1,0,2026-03-21,ORL vs LAL,22.999999999999993,Luka Dončić,0.95,0.15,0.0,0.26666666666666644,51.5
0022501025,217,111,106,5,0,2026-03-21,NOP vs CLE,21.400000000000002,Zion Williamson,0.75,0.2833333333333333,0.0,0.2133333333333334,41.6
0022501026,236,126,110,16,0,2026-03-21,ATL vs GSW,30.999999999999996,Dyson Daniels,0.19999999999999996,0.6,0.0,0.5333333333333332,28.0
0022501027,245,123,122,1,0,2026-03-21,HOU vs MIA,31.799999999999997,Bam Adebayo,0.95,0.75,0.0,0.5599999999999999,63.3
0022501028,253,134,119,15,0,2026-03-21,SAS vs IND,23.2,Keldon Johnson,0.25,0.8833333333333333,0.0,0.2733333333333333,23.9
0022501029,269,138,131,7,1,2026-03-21,DAL vs LAC,36.900000000000006,Darius Garland,0.65,1.0,0.7,0.7300000000000002,70.2
0022501030,242,126,116,10,0,2026-03-21,UTA vs PHI,18.599999999999998,Ace Bailey,0.5,0.7,0.0,0.11999999999999993,29.6
0022501031,213,108,105,3,0,2026-03-21,PHX vs MIL,23.000000000000004,Ryan Rollins,0.85,0.21666666666666667,0.0,0.2666666666666668,47.3
0022501032,240,128,112,16,0,2026-03-22,DEN vs POR,25.1,Nikola Jokić,0.19999999999999996,0.6666666666666666,0.0,0.3366666666666667,22.4
0022501033,248,126,122,4,0,2026-03-22,SAC vs BKN,24.000000000000004,Malik Monk,0.8,0.8,0.0,0.3000000000000001,49.0
0022501034,258,145,113,32,0,2026-03-22,NYK vs WAS,27.2,Karl-Anthony Towns,0.0,0.9666666666666667,0.0,0.4066666666666666,17.0
0022501035,194,102,92,10,0,2026-03-22,BOS vs MIN,19.0,Bones Hyland,0.5,0.0,0.0,0.13333333333333333,26.5
0022501036,218,120,98,22,0,2026-03-22,PHX vs TOR,20.8,Devin Booker,0.0,0.3,0.0,0.19333333333333336,7.3
0022501037,253,146,107,39,0,2026-03-23,ATL vs MEM,26.5,Nickeil Alexander-Walker,0.0,0.8833333333333333,0.0,0.38333333333333336,15.9
0022501038,223,113,110,3,0,2026-03-23,DET vs LAL,26.599999999999998,Daniss Jenkins,0.85,0.38333333333333336,0.0,0.3866666666666666,51.8
0022501039,254,128,126,2,0,2026-03-23,ORL vs IND,27.1,Pascal Siakam,0.9,0.9,0.0,0.4033333333333334,57.1
0022501040,226,123,103,20,0,2026-03-23,PHI vs OKC,24.800000000000004,VJ Edgecombe,0.0,0.43333333333333335,0.0,0.3266666666666668,12.0
0022501041,247,136,111,25,0,2026-03-23,MIA vs SAS,23.800000000000004,Victor Wembanyama,0.0,0.7833333333333333,0.0,0.2933333333333335,12.7
0022501042,256,132,124,8,0,2026-03-23,CHI vs HOU,36.4,Alperen Sengun,0.6,0.9333333333333333,0.0,0.7133333333333333,53.1
0022501043,270,143,127,16,0,2026-03-23,UTA vs TOR,31.2,Ace Bailey,0.19999999999999996,1.0,0.0,0.5399999999999999,30.2
0022501044,268,137,131,6,1,2026-03-23,DAL vs GSW,24.799999999999997,Cooper Flagg,0.7,1.0,0.7,0.32666666666666655,60.3
0022501045,233,134,99,35,0,2026-03-23,POR vs BKN,32.800000000000004,Toumani Camara,0.0,0.55,0.0,0.5933333333333335,20.6
0022501046,225,129,96,33,0,2026-03-23,LAC vs MIL,23.500000000000004,Kawhi Leonard,0.0,0.4166666666666667,0.0,0.28333333333333344,10.6
0022501047,224,134,90,44,0,2026-03-24,CHA vs SAC,24.400000000000002,Coby White,0.0,0.4,0.0,0.3133333333333334,11.4
0022501048,237,121,116,5,0,2026-03-24,NYK vs NOP,25.500000000000004,Jalen Brunson,0.75,0.6166666666666667,0.0,0.35000000000000014,47.3
0022501049,267,136,131,5,0,2026-03-24,CLE vs ORL,31.300000000000004,Donovan Mitchell,0.75,1.0,0.0,0.5433333333333334,55.0
0022501050,248,125,123,2,0,2026-03-24,PHX vs DEN,29.599999999999998,Nikola Jokić,0.9,0.8,0.0,0.4866666666666666,59.1
0022501051,259,130,129,1,1,2026-03-25,DET vs ATL,24.800000000000004,Jalen Duren,0.95,0.9833333333333333,0.7,0.3266666666666668,71.5
0022501052,267,137,130,7,0,2026-03-25,IND vs LAL,28.700000000000003,Luka Dončić,0.65,1.0,0.0,0.4566666666666668,48.0
0022501053,294,157,137,20,0,2026-03-25,PHI vs CHI,31.10000000000001,Joel Embiid,0.0,1.0,0.0,0.536666666666667,21.1
0022501054,228,119,109,10,0,2026-03-25,BOS vs OKC,32.8,Shai Gilgeous-Alexander,0.5,0.4666666666666667,0.0,0.5933333333333333,42.6
0022501055,223,120,103,17,0,2026-03-25,CLE vs MIA,17.099999999999998,Kel'el Ware,0.15000000000000002,0.38333333333333336,0.0,0.06999999999999992,10.8
0022501056,221,123,98,25,0,2026-03-25,MEM vs SAS,25.799999999999997,Victor Wembanyama,0.0,0.35,0.0,0.35999999999999993,12.5
0022501057,243,133,110,23,0,2026-03-25,UTA vs WAS,22.999999999999996,Julian Reese,0.0,0.7166666666666667,0.0,0.26666666666666655,11.6
0022501058,218,110,108,2,1,2026-03-25,MIN vs HOU,23.499999999999996,Alperen Sengun,0.9,0.3,0.7,0.2833333333333332,64.5
0022501059,277,142,135,7,0,2026-03-25,DEN vs DAL,41.6,Jamal Murray,0.65,1.0,0.0,0.8866666666666667,60.8
0022501060,215,109,106,3,0,2026-03-25,GSW vs BKN,21.9,Gui Santos,0.85,0.25,0.0,0.22999999999999995,46.4
0022501061,229,130,99,31,0,2026-03-25,POR vs MIL,22.8,Ryan Rollins,0.0,0.48333333333333334,0.0,0.26,10.2
0022501062,213,119,94,25,0,2026-03-25,LAC vs TOR,20.9,Bennedict Mathurin,0.0,0.21666666666666667,0.0,0.19666666666666663,7.0
0022501063,217,114,103,11,0,2026-03-26,CHA vs NYK,27.1,Kon Knueppel,0.44999999999999996,0.2833333333333333,0.0,0.4033333333333334,33.8
0022501064,237,129,108,21,0,2026-03-26,DET vs NOP,34.3,Jalen Duren,0.0,0.6166666666666667,0.0,0.6433333333333332,22.4
0022501065,238,121,117,4,0,2026-03-26,ORL vs SAC,28.900000000000002,DeMar DeRozan,0.8,0.6333333333333333,0.0,0.46333333333333343,53.1
0022501066,227,114,113,1,0,2026-03-27,IND vs LAC,22.800000000000004,Kawhi Leonard,0.95,0.45,0.0,0.2600000000000001,52.8
0022501067,211,109,102,7,0,2026-03-27,BOS vs ATL,25.400000000000002,Payton Pritchard,0.65,0.18333333333333332,0.0,0.34666666666666673,40.6
0022501068,277,149,128,21,0,2026-03-27,CLE vs MIA,24.500000000000004,Max Strus,0.0,1.0,0.0,0.31666666666666676,14.5
0022501069,228,119,109,10,0,2026-03-27,MEM vs HOU,30.799999999999994,Olivier-Maxence Prosper,0.5,0.4666666666666667,0.0,0.5266666666666665,40.6
0022501070,244,131,113,18,0,2026-03-27,OKC vs CHI,23.500000000000004,Tre Jones,0.09999999999999998,0.7333333333333333,0.0,0.28333333333333344,16.7
0022501071,225,119,106,13,0,2026-03-27,TOR vs NOP,26.7,Scottie Barnes,0.35,0.4166666666666667,0.0,0.38999999999999996,29.5
0022501072,264,135,129,6,0,2026-03-27,DEN vs UTA,34.300000000000004,Nikola Jokić,0.7,1.0,0.0,0.6433333333333334,55.8
0022501073,257,131,126,5,0,2026-03-27,GSW vs WAS,24.400000000000002,Gui Santos,0.75,0.95,0.0,0.3133333333333334,47.9
0022501074,193,100,93,7,0,2026-03-27,POR vs DAL,24.099999999999998,Marvin Bagley III,0.65,0.0,0.0,0.3033333333333333,38.4
0022501075,215,116,99,17,0,2026-03-27,LAL vs BKN,31.5,Luka Dončić,0.15000000000000002,0.25,0.0,0.55,24.5
0022501076,222,127,95,32,0,2026-03-28,MIL vs SAS,23.099999999999998,Stephon Castle,0.0,0.36666666666666664,0.0,0.2699999999999999,9.9
0022501077,232,118,114,4,0,2026-03-28,CHA vs PHI,22.6,Tyrese Maxey,0.8,0.5333333333333333,0.0,0.25333333333333335,46.3
0022501078,236,123,113,10,0,2026-03-28,ATL vs SAC,29.1,Nickeil Alexander-Walker,0.5,0.6,0.0,0.47000000000000003,39.6
0022501079,249,125,124,1,0,2026-03-28,MEM vs CHI,22.3,Josh Giddey,0.95,0.8166666666666667,0.0,0.24333333333333335,54.1
0022501080,196,109,87,22,0,2026-03-28,MIN vs DET,18.1,Tobias Harris,0.0,0.0,0.0,0.10333333333333337,3.1
0022501081,243,134,109,25,0,2026-03-28,PHX vs UTA,26.2,Devin Booker,0.0,0.7166666666666667,0.0,0.3733333333333333,14.8
0022501082,240,127,113,14,0,2026-03-29,MIL vs LAC,24.5,Gary Trent Jr.,0.30000000000000004,0.6666666666666666,0.0,0.31666666666666665,26.3
0022501083,253,135,118,17,0,2026-03-29,IND vs MIA,24.1,Tyler Herro,0.15000000000000002,0.8833333333333333,0.0,0.3033333333333334,20.3
0022501084,215,116,99,17,0,2026-03-29,BKN vs SAC,19.3,Devin Carter,0.15000000000000002,0.25,0.0,0.14333333333333337,12.3
0022501085,213,114,99,15,0,2026-03-29,CHA vs BOS,26.9,Jayson Tatum,0.25,0.21666666666666667,0.0,0.3966666666666666,24.2
0022501086,226,139,87,52,0,2026-03-29,TOR vs ORL,29.000000000000004,Scottie Barnes,0.0,0.43333333333333335,0.0,0.4666666666666668,16.2
0022501087,211,123,88,35,0,2026-03-29,POR vs WAS,20.4,Toumani Camara,0.0,0.18333333333333332,0.0,0.17999999999999997,6.3
0022501088,236,134,102,32,0,2026-03-29,NOP vs HOU,40.2,Alperen Sengun,0.0,0.6,0.0,0.8400000000000001,28.2
0022501089,211,111,100,11,0,2026-03-29,OKC vs NYK,21.200000000000003,Jalen Brunson,0.44999999999999996,0.18333333333333332,0.0,0.20666666666666675,27.4
0022501090,209,116,93,23,0,2026-03-29,DEN vs GSW,24.100000000000005,Nikola Jokić,0.0,0.15,0.0,0.3033333333333335,9.9
0022501091,228,119,109,10,0,2026-03-30,MIA vs PHI,25.700000000000003,Bam Adebayo,0.5,0.4666666666666667,0.0,0.35666666666666674,35.5
0022501092,214,112,102,10,0,2026-03-30,ATL vs BOS,20.999999999999996,Luka Garza,0.5,0.23333333333333334,0.0,0.19999999999999987,29.7
0022501093,236,131,105,26,0,2026-03-30,MEM vs PHX,26.700000000000003,Devin Booker,0.0,0.6,0.0,0.39000000000000007,14.7
0022501094,243,129,114,15,0,2026-03-30,SAS vs CHI,39.199999999999996,Victor Wembanyama,0.25,0.7166666666666667,0.0,0.8066666666666665,39.0
0022501095,218,124,94,30,0,2026-03-30,DAL vs MIN,27.799999999999997,Ayo Dosunmu,0.0,0.3,0.0,0.4266666666666666,14.3
0022501096,235,122,113,9,0,2026-03-30,UTA vs CLE,32.800000000000004,Evan Mobley,0.55,0.5833333333333334,0.0,0.5933333333333335,45.5
0022501097,224,114,110,4,1,2026-03-30,OKC vs DET,37.699999999999996,Shai Gilgeous-Alexander,0.8,0.4,0.7,0.7566666666666665,74.7
0022501098,221,120,101,19,0,2026-03-30,LAL vs WAS,20.699999999999996,LeBron James,0.050000000000000044,0.35,0.0,0.18999999999999986,9.7
0022500652,222,123,99,24,0,2026-03-31,MIL vs DAL,23.0,Ryan Rollins,0.0,0.36666666666666664,0.0,0.26666666666666666,9.8
0022501099,226,115,111,4,0,2026-03-31,ORL vs PHX,26.400000000000006,Devin Booker,0.8,0.43333333333333335,0.0,0.38000000000000017,49.6
0022501100,203,117,86,31,0,2026-03-31,BKN vs CHA,22.2,Miles Bridges,0.0,0.05,0.0,0.23999999999999996,7.4
0022501101,243,127,116,11,0,2026-03-31,DET vs TOR,28.0,Jalen Duren,0.44999999999999996,0.7166666666666667,0.0,0.43333333333333335,36.8
0022501102,205,111,94,17,0,2026-03-31,HOU vs NYK,24.4,Kevin Durant,0.15000000000000002,0.08333333333333333,0.0,0.3133333333333333,16.6
0022501103,240,127,113,14,0,2026-03-31,LAL vs CLE,39.3,Luka Dončić,0.30000000000000004,0.6666666666666666,0.0,0.8099999999999999,41.1
0022501104,218,114,104,10,0,2026-03-31,LAC vs POR,27.2,Deni Avdija,0.5,0.3,0.0,0.4066666666666666,36.2
0022501003,249,130,119,11,0,2026-04-01,MEM vs NYK,23.3,OG Anunoby,0.44999999999999996,0.8166666666666667,0.0,0.27666666666666667,32.6
0022501105,284,153,131,22,0,2026-04-01,WAS vs PHI,37.10000000000001,Paul George,0.0,1.0,0.0,0.7366666666666669,27.1
0022501106,276,147,129,18,0,2026-04-01,MIA vs BOS,32.699999999999996,Jaylen Brown,0.09999999999999998,1.0,0.0,0.5899999999999999,27.2
0022501107,231,130,101,29,0,2026-04-01,ORL vs ATL,26.2,Nickeil Alexander-Walker,0.0,0.5166666666666667,0.0,0.3733333333333333,13.8
0022501108,238,123,115,8,0,2026-04-01,TOR vs SAC,26.999999999999996,Precious Achiuwa,0.6,0.6333333333333333,0.0,0.39999999999999986,42.2
0022501109,271,145,126,19,0,2026-04-01,CHI vs IND,22.9,Pascal Siakam,0.050000000000000044,1.0,0.0,0.2633333333333333,15.2
0022501110,232,119,113,6,0,2026-04-01,HOU vs MIL,27.5,Reed Sheppard,0.7,0.5333333333333333,0.0,0.4166666666666667,46.7
0022501112,247,130,117,13,0,2026-04-01,UTA vs DEN,30.799999999999994,Jamal Murray,0.35,0.7833333333333333,0.0,0.5266666666666665,35.5
0022501113,240,127,113,14,0,2026-04-01,GSW vs SAS,41.2,Victor Wembanyama,0.30000000000000004,0.6666666666666666,0.0,0.8733333333333334,43.0
0022501114,234,127,107,20,0,2026-04-02,CHA vs PHX,21.5,Jalen Green,0.0,0.5666666666666667,0.0,0.21666666666666667,9.3
0022501115,221,113,108,5,0,2026-04-02,DET vs MIN,22.5,Julius Randle,0.75,0.35,0.0,0.25,43.0
0022501116,235,139,96,43,0,2026-04-02,OKC vs LAL,21.299999999999994,Shai Gilgeous-Alexander,0.0,0.5833333333333334,0.0,0.2099999999999998,9.2
0022501117,229,118,111,7,0,2026-04-02,GSW vs CLE,21.900000000000002,Brandin Podziemski,0.65,0.48333333333333334,0.0,0.23000000000000007,38.6
0022501118,224,118,106,12,0,2026-04-02,POR vs NOP,20.400000000000002,Jrue Holiday,0.4,0.4,0.0,0.18000000000000008,25.4
0022501119,217,118,99,19,0,2026-04-02,LAC vs SAS,24.5,Kawhi Leonard,0.050000000000000044,0.2833333333333333,0.0,0.31666666666666665,13.2
0022501120,237,129,108,21,0,2026-04-03,CHA vs IND,21.900000000000006,Pascal Siakam,0.0,0.6166666666666667,0.0,0.23000000000000018,10.0
0022501121,218,115,103,12,0,2026-04-03,PHI vs MIN,20.1,Tyrese Maxey,0.4,0.3,0.0,0.17000000000000004,24.6
0022501122,248,141,107,34,0,2026-04-03,BKN vs ATL,25.900000000000002,CJ McCollum,0.0,0.8,0.0,0.3633333333333334,14.9
0022501123,232,136,96,40,0,2026-04-03,NYK vs CHI,26.799999999999997,OG Anunoby,0.0,0.5333333333333333,0.0,0.39333333333333326,14.5
0022501124,246,140,106,34,0,2026-04-03,HOU vs UTA,23.900000000000002,Cody Williams,0.0,0.7666666666666667,0.0,0.29666666666666675,12.7
0022501125,224,128,96,32,0,2026-04-03,MEM vs TOR,20.899999999999995,GG Jackson,0.0,0.4,0.0,0.1966666666666665,7.9
0022501126,234,133,101,32,0,2026-04-03,MIL vs BOS,24.8,Jayson Tatum,0.0,0.5666666666666667,0.0,0.3266666666666667,12.6
0022501127,265,138,127,11,0,2026-04-03,DAL vs ORL,44.2,Cooper Flagg,0.44999999999999996,1.0,0.0,0.9733333333333334,54.4
0022501128,230,117,113,4,0,2026-04-03,SAC vs NOP,26.700000000000003,Maxime Raynaud,0.8,0.5,0.0,0.39000000000000007,50.2
0022501129,288,152,136,16,0,2026-04-04,MIA vs WAS,30.0,Will Riley,0.19999999999999996,1.0,0.0,0.5,29.0
0022501130,270,136,134,2,1,2026-04-04,DEN vs SAS,39.300000000000004,Nikola Jokić,0.9,1.0,0.7,0.8100000000000002,83.8
0022501131,209,116,93,23,0,2026-04-04,PHI vs DET,22.400000000000002,Daniss Jenkins,0.0,0.15,0.0,0.24666666666666673,8.2
0022501132,216,115,101,14,0,2026-04-05,BOS vs TOR,22.0,Neemias Queta,0.30000000000000004,0.26666666666666666,0.0,0.23333333333333334,21.8
0022501133,236,121,115,6,0,2026-04-05,BKN vs WAS,21.4,Will Riley,0.7,0.6,0.0,0.2133333333333333,40.9
0022501134,230,120,110,10,0,2026-04-05,CHI vs PHX,23.699999999999996,Tre Jones,0.5,0.5,0.0,0.28999999999999987,33.7
0022501135,246,131,115,16,0,2026-04-05,MIL vs MEM,33.60000000000001,Rayan Rupert,0.19999999999999996,0.7666666666666667,0.0,0.6200000000000003,31.4
0022501136,225,117,108,9,0,2026-04-05,CLE vs IND,28.3,Donovan Mitchell,0.55,0.4166666666666667,0.0,0.44333333333333336,40.1
0022501137,230,122,108,14,0,2026-04-05,MIN vs CHA,27.500000000000004,LaMelo Ball,0.30000000000000004,0.5,0.0,0.4166666666666668,28.5
0022501138,220,112,108,4,0,2026-04-05,NOP vs ORL,21.099999999999998,Saddiq Bey,0.8,0.3333333333333333,0.0,0.20333333333333325,43.8
0022501139,257,146,111,35,0,2026-04-05,OKC vs UTA,28.0,Brice Sensabaugh,0.0,0.95,0.0,0.43333333333333335,17.8
0022501140,262,134,128,6,0,2026-04-05,DAL vs LAL,39.50000000000001,Cooper Flagg,0.7,1.0,0.0,0.8166666666666669,61.0
0022501141,247,138,109,29,0,2026-04-05,SAC vs LAC,19.9,Kawhi Leonard,0.0,0.7833333333333333,0.0,0.16333333333333327,8.8
0022501142,233,117,116,1,0,2026-04-05,GSW vs HOU,28.600000000000005,Kevin Durant,0.95,0.55,0.0,0.4533333333333335,59.1
0022501143,213,108,105,3,0,2026-04-06,ATL vs NYK,28.900000000000002,Nickeil Alexander-Walker,0.85,0.21666666666666667,0.0,0.46333333333333343,53.2
0022501144,230,123,107,16,0,2026-04-06,ORL vs DET,27.999999999999996,Paolo Banchero,0.19999999999999996,0.5,0.0,0.43333333333333324,24.5
0022501145,268,142,126,16,0,2026-04-06,MEM vs CLE,22.6,Dennis Schröder,0.19999999999999996,1.0,0.0,0.25333333333333335,21.6
0022501146,217,115,102,13,0,2026-04-06,SAS vs PHI,26.60000000000001,Joel Embiid,0.35,0.2833333333333333,0.0,0.38666666666666694,28.8
0022501147,269,137,132,5,1,2026-04-06,DEN vs POR,35.0,Nikola Jokić,0.75,1.0,0.7,0.6666666666666666,72.8
0022501148,227,129,98,31,0,2026-04-07,WAS vs CHI,23.799999999999997,Patrick Williams,0.0,0.45,0.0,0.2933333333333332,11.0
0022501149,215,113,102,11,0,2026-04-07,BOS vs CHA,25.499999999999996,LaMelo Ball,0.44999999999999996,0.25,0.0,0.34999999999999987,32.0
0022501150,186,96,90,6,0,2026-04-07,BKN vs MIL,20.4,E.J. Liddell,0.7,0.0,0.0,0.17999999999999997,36.9
0022501151,216,121,95,26,0,2026-04-07,TOR vs MIA,24.400000000000002,Scottie Barnes,0.0,0.26666666666666666,0.0,0.3133333333333334,10.7
0022501152,228,124,104,20,0,2026-04-07,IND vs MIN,20.2,Bones Hyland,0.0,0.4666666666666667,0.0,0.1733333333333333,7.5
0022501153,293,156,137,19,0,2026-04-07,NOP vs UTA,33.2,Jeremiah Fears,0.050000000000000044,1.0,0.0,0.6066666666666668,25.5
0022501154,215,110,105,5,0,2026-04-07,GSW vs SAC,19.7,De'Anthony Melton,0.75,0.25,0.0,0.15666666666666665,39.7
0022501155,210,123,87,36,0,2026-04-07,LAL vs OKC,22.999999999999996,Shai Gilgeous-Alexander,0.0,0.16666666666666666,0.0,0.26666666666666655,8.8
0022501156,219,116,103,13,0,2026-04-07,LAC vs DAL,25.6,Kawhi Leonard,0.35,0.31666666666666665,0.0,0.3533333333333334,27.9
0022501157,224,119,105,14,0,2026-04-07,PHX vs HOU,25.6,Devin Booker,0.30000000000000004,0.4,0.0,0.3533333333333334,26.1
0022501158,238,122,116,6,0,2026-04-08,CLE vs ATL,25.7,Donovan Mitchell,0.7,0.6333333333333333,0.0,0.35666666666666663,45.4
0022501159,252,132,120,12,0,2026-04-08,ORL vs MIN,28.900000000000002,Terrence Shannon Jr.,0.4,0.8666666666666667,0.0,0.46333333333333343,36.2
0022501160,248,137,111,26,0,2026-04-08,DET vs MIL,23.599999999999998,Jalen Duren,0.0,0.8,0.0,0.28666666666666657,12.6
0022501161,213,112,101,11,0,2026-04-08,SAS vs POR,19.2,De'Aaron Fox,0.44999999999999996,0.21666666666666667,0.0,0.13999999999999999,25.5
0022501162,255,136,119,17,0,2026-04-08,DEN vs MEM,23.4,Nikola Jokić,0.15000000000000002,0.9166666666666666,0.0,0.27999999999999997,19.7
0022501163,238,128,110,18,0,2026-04-08,LAC vs OKC,34.19999999999999,Chet Holmgren,0.09999999999999998,0.6333333333333333,0.0,0.6399999999999996,26.9
0022501164,219,112,107,5,0,2026-04-08,PHX vs DAL,27.1,Devin Booker,0.75,0.31666666666666665,0.0,0.4033333333333334,47.4
0022501165,242,128,114,14,0,2026-04-09,TOR vs MIA,34.50000000000001,Brandon Ingram,0.30000000000000004,0.7,0.0,0.6500000000000002,36.5
0022501166,227,119,108,11,0,2026-04-09,WAS vs CHI,28.900000000000002,Tre Jones,0.44999999999999996,0.45,0.0,0.46333333333333343,36.4
0022501167,217,123,94,29,0,2026-04-09,BKN vs IND,26.200000000000003,Obi Toppin,0.0,0.2833333333333333,0.0,0.3733333333333334,12.6
0022501168,218,112,106,6,0,2026-04-09,NYK vs BOS,20.400000000000002,Jalen Brunson,0.7,0.3,0.0,0.18000000000000008,38.4
0022501169,215,113,102,11,0,2026-04-09,HOU vs PHI,22.599999999999998,Kevin Durant,0.44999999999999996,0.25,0.0,0.25333333333333324,29.1
0022501170,222,119,103,16,0,2026-04-09,GSW vs LAL,26.5,LeBron James,0.19999999999999996,0.36666666666666664,0.0,0.38333333333333336,22.3
0022501171,218,118,100,18,0,2026-04-10,CHA vs DET,21.6,LaMelo Ball,0.09999999999999998,0.3,0.0,0.22000000000000006,12.6
0022501172,257,140,117,23,0,2026-04-10,WAS vs MIA,24.3,Bilal Coulibaly,0.0,0.95,0.0,0.31,14.0
0022501173,226,124,102,22,0,2026-04-10,ATL vs CLE,25.4,CJ McCollum,0.0,0.43333333333333335,0.0,0.3466666666666666,12.6
0022501174,262,144,118,26,0,2026-04-10,BOS vs NOP,25.6,Derik Queen,0.0,1.0,0.0,0.3533333333333334,15.6
0022501175,199,105,94,11,0,2026-04-10,IND vs PHI,23.3,Tyrese Maxey,0.44999999999999996,0.0,0.0,0.27666666666666667,28.6
0022501176,207,112,95,17,0,2026-04-10,NYK vs TOR,22.099999999999994,Jalen Brunson,0.15000000000000002,0.11666666666666667,0.0,0.23666666666666647,14.4
0022501177,230,127,103,24,0,2026-04-10,CHI vs ORL,19.499999999999996,Jamal Cain,0.0,0.5,0.0,0.14999999999999988,7.0
0022501178,268,136,132,4,0,2026-04-10,HOU vs MIN,40.4,Amen Thompson,0.8,1.0,0.0,0.8466666666666666,66.4
0022501179,233,125,108,17,0,2026-04-10,MIL vs BKN,33.49999999999999,AJ Green,0.15000000000000002,0.55,0.0,0.6166666666666665,28.0
0022501180,259,139,120,19,0,2026-04-10,SAS vs DAL,38.1,Victor Wembanyama,0.050000000000000044,0.9833333333333333,0.0,0.77,30.3
0022501181,248,147,101,46,0,2026-04-10,UTA vs MEM,32.300000000000004,Bez Mbeng,0.0,0.8,0.0,0.5766666666666668,21.3
0022501182,234,127,107,20,0,2026-04-10,DEN vs OKC,25.100000000000005,Jonas Valančiūnas,0.0,0.5666666666666667,0.0,0.33666666666666684,12.9
0022501183,213,116,97,19,0,2026-04-10,POR vs LAC,27.900000000000002,Deni Avdija,0.050000000000000044,0.21666666666666667,0.0,0.43000000000000005,16.2
0022501184,242,124,118,6,0,2026-04-10,SAC vs GSW,24.599999999999998,Devin Carter,0.7,0.7,0.0,0.31999999999999995,44.6
0022501185,174,101,73,28,0,2026-04-10,LAL vs PHX,31.4,LeBron James,0.0,0.0,0.0,0.5466666666666666,16.4
0022501186,221,113,108,5,0,2026-04-12,BOS vs ORL,24.700000000000003,Baylor Scheierman,0.75,0.35,0.0,0.3233333333333334,45.2
0022501187,247,130,117,13,0,2026-04-12,CLE vs WAS,25.300000000000004,Nae'Qwan Tomlin,0.35,0.7833333333333333,0.0,0.3433333333333335,30.0
0022501188,254,133,121,12,0,2026-04-12,IND vs DET,32.1,Paul Reed,0.4,0.9,0.0,0.5700000000000001,39.6
0022501189,260,143,117,26,0,2026-04-12,MIA vs ATL,26.29999999999999,Bam Adebayo,0.0,1.0,0.0,0.3766666666666663,16.3
0022501190,206,110,96,14,0,2026-04-12,NYK vs CHA,16.3,Miles McBride,0.30000000000000004,0.1,0.0,0.043333333333333356,15.3
0022501191,232,126,106,20,0,2026-04-12,PHI vs MIL,16.8,Cormac Ryan,0.0,0.5333333333333333,0.0,0.060000000000000026,4.5
0022501192,237,136,101,35,0,2026-04-12,TOR vs BKN,27.6,Scottie Barnes,0.0,0.6166666666666667,0.0,0.42000000000000004,15.7
0022501193,277,149,128,21,0,2026-04-12,DAL vs CHI,26.499999999999996,Ryan Nembhard,0.0,1.0,0.0,0.3833333333333332,16.5
0022501194,233,132,101,31,0,2026-04-12,HOU vs MEM,27.000000000000004,Clint Capela,0.0,0.55,0.0,0.40000000000000013,14.8
0022501195,258,132,126,6,0,2026-04-12,MIN vs NOP,29.400000000000002,Joan Beringer,0.7,0.9666666666666667,0.0,0.4800000000000001,50.7
0022501196,238,135,103,32,0,2026-04-12,OKC vs PHX,24.2,Branden Carlson,0.0,0.6333333333333333,0.0,0.30666666666666664,12.4
0022501197,246,128,118,10,0,2026-04-12,SAS vs DEN,22.400000000000002,Nikola Jokić,0.5,0.7666666666666667,0.0,0.24666666666666673,33.7
0022501198,238,131,107,24,0,2026-04-12,LAL vs UTA,28.1,Oscar Tshiebwe,0.0,0.6333333333333333,0.0,0.4366666666666667,16.3
0022501199,225,115,110,5,0,2026-04-12,LAC vs GSW,18.8,Stephen Curry,0.75,0.4166666666666667,0.0,0.12666666666666668,39.6
0022501200,232,122,110,12,0,2026-04-12,POR vs SAC,21.2,Nique Clifford,0.4,0.5333333333333333,0.0,0.20666666666666664,26.9
0052500111,253,127,126,1,1,2026-04-14,CHA vs MIA,25.799999999999994,Miles Bridges,0.95,0.8833333333333333,0.7,0.35999999999999976,72.0
0052500121,224,114,110,4,0,2026-04-14,PHX vs POR,34.9,Deni Avdija,0.8,0.4,0.0,0.6633333333333333,57.9
0052500101,206,109,97,12,0,2026-04-15,PHI vs ORL,23.9,Desmond Bane,0.4,0.1,0.0,0.29666666666666663,27.4
0052500131,247,126,121,5,0,2026-04-15,LAC vs GSW,22.8,Stephen Curry,0.75,0.7833333333333333,0.0,0.26,45.5
0052500201,211,121,90,31,0,2026-04-17,ORL vs CHA,21.1,Paolo Banchero,0.0,0.18333333333333332,0.0,0.2033333333333334,7.0
0052500211,207,111,96,15,0,2026-04-17,PHX vs GSW,33.5,Jalen Green,0.25,0.11666666666666667,0.0,0.6166666666666667,30.3
0042500121,215,113,102,11,0,2026-04-18,NYK vs ATL,21.200000000000003,Jalen Brunson,0.44999999999999996,0.25,0.0,0.20666666666666675,27.7
0042500131,239,126,113,13,0,2026-04-18,CLE vs TOR,23.3,Donovan Mitchell,0.35,0.65,0.0,0.27666666666666667,27.3
0042500161,221,116,105,11,0,2026-04-18,DEN vs MIN,22.9,Nikola Jokić,0.44999999999999996,0.35,0.0,0.2633333333333333,29.9
0042500171,205,107,98,9,0,2026-04-18,LAL vs HOU,22.3,LeBron James,0.55,0.08333333333333333,0.0,0.24333333333333335,32.5
0042500101,213,112,101,11,0,2026-04-19,DET vs ORL,26.200000000000006,Cade Cunningham,0.44999999999999996,0.21666666666666667,0.0,0.3733333333333336,32.5
0042500111,214,123,91,32,0,2026-04-19,BOS vs PHI,25.500000000000004,Jayson Tatum,0.0,0.23333333333333334,0.0,0.35000000000000014,11.7
0042500141,203,119,84,35,0,2026-04-19,OKC vs PHX,22.5,Jalen Williams,0.0,0.05,0.0,0.25,7.8
0042500151,209,111,98,13,0,2026-04-19,SAS vs POR,25.099999999999994,Deni Avdija,0.35,0.15,0.0,0.3366666666666665,26.6
0042500122,213,107,106,1,0,2026-04-20,NYK vs ATL,25.599999999999994,CJ McCollum,0.95,0.21666666666666667,0.0,0.35333333333333317,54.4
0042500132,220,115,105,10,0,2026-04-20,CLE vs TOR,24.800000000000004,James Harden,0.5,0.3333333333333333,0.0,0.3266666666666668,34.0
0042500162,233,119,114,5,0,2026-04-20,DEN vs MIN,22.099999999999998,Jamal Murray,0.75,0.55,0.0,0.2366666666666666,43.6
0042500112,208,111,97,14,0,2026-04-21,BOS vs PHI,26.799999999999997,VJ Edgecombe,0.30000000000000004,0.13333333333333333,0.0,0.39333333333333326,26.0
0042500152,209,106,103,3,0,2026-04-21,SAS vs POR,21.9,Scoot Henderson,0.85,0.15,0.0,0.22999999999999995,45.9
0042500172,195,101,94,7,0,2026-04-21,LAL vs HOU,26.1,Marcus Smart,0.65,0.0,0.0,0.37000000000000005,40.4
0042500102,181,98,83,15,0,2026-04-22,DET vs ORL,19.9,Cade Cunningham,0.25,0.0,0.0,0.16333333333333327,16.2
0042500142,227,120,107,13,0,2026-04-22,OKC vs PHX,30.5,Shai Gilgeous-Alexander,0.35,0.45,0.0,0.5166666666666667,33.5
0042500123,217,109,108,1,0,2026-04-23,ATL vs NYK,28.3,OG Anunoby,0.95,0.2833333333333333,0.0,0.44333333333333336,57.5
0042500133,230,126,104,22,0,2026-04-23,TOR vs CLE,33.8,Scottie Barnes,0.0,0.5,0.0,0.6266666666666666,21.3
0042500163,209,113,96,17,0,2026-04-23,MIN vs DEN,22.900000000000002,Ayo Dosunmu,0.15000000000000002,0.15,0.0,0.2633333333333334,15.4
0042500113,208,108,100,8,0,2026-04-24,PHI vs BOS,22.300000000000004,Jayson Tatum,0.6,0.13333333333333333,0.0,0.24333333333333348,35.0
0042500153,228,120,108,12,0,2026-04-24,POR vs SAS,27.699999999999992,Jrue Holiday,0.4,0.4666666666666667,0.0,0.42333333333333306,33.0
0042500173,220,112,108,4,1,2026-04-24,HOU vs LAL,30.60000000000001,Alperen Sengun,0.8,0.3333333333333333,0.7,0.5200000000000002,67.3
0042500103,218,113,105,8,0,2026-04-25,ORL vs DET,25.200000000000003,Paolo Banchero,0.6,0.3,0.0,0.3400000000000001,38.7
0042500124,212,114,98,16,0,2026-04-25,ATL vs NYK,23.799999999999997,Karl-Anthony Towns,0.19999999999999996,0.2,0.0,0.2933333333333332,18.8
0042500143,230,121,109,12,0,2026-04-25,PHX vs OKC,38.6,Shai Gilgeous-Alexander,0.4,0.5,0.0,0.7866666666666667,44.1
0042500164,208,112,96,16,0,2026-04-25,MIN vs DEN,37.10000000000001,Ayo Dosunmu,0.19999999999999996,0.13333333333333333,0.0,0.7366666666666669,31.8
0042500114,224,128,96,32,0,2026-04-26,PHI vs BOS,28.199999999999996,Payton Pritchard,0.0,0.4,0.0,0.43999999999999984,15.2
0042500134,182,93,89,4,0,2026-04-26,TOR vs CLE,20.099999999999998,Scottie Barnes,0.8,0.0,0.0,0.16999999999999993,41.1
0042500154,207,114,93,21,0,2026-04-26,POR vs SAS,28.5,Victor Wembanyama,0.0,0.11666666666666667,0.0,0.45,14.1
0042500174,211,115,96,19,0,2026-04-26,HOU vs LAL,22.099999999999998,Tari Eason,0.050000000000000044,0.18333333333333332,0.0,0.2366666666666666,10.3
0042500104,182,94,88,6,0,2026-04-27,ORL vs DET,18.499999999999996,Franz Wagner,0.7,0.0,0.0,0.11666666666666654,35.0
0042500144,253,131,122,9,0,2026-04-27,PHX vs OKC,25.4,Shai Gilgeous-Alexander,0.55,0.8833333333333333,0.0,0.3466666666666666,39.6
0042500165,238,125,113,12,0,2026-04-27,DEN vs MIN,30.89999999999999,Nikola Jokić,0.4,0.6333333333333333,0.0,0.5299999999999997,37.1
0042500115,210,113,97,16,0,2026-04-28,BOS vs PHI,24.599999999999998,Joel Embiid,0.19999999999999996,0.16666666666666666,0.0,0.31999999999999995,19.4
0042500125,223,126,97,29,0,2026-04-28,NYK vs ATL,32.4,Jalen Brunson,0.0,0.38333333333333336,0.0,0.58,19.3
0042500155,209,114,95,19,0,2026-04-28,SAS vs POR,22.4,Victor Wembanyama,0.050000000000000044,0.15,0.0,0.24666666666666662,10.4
0042500105,225,116,109,7,0,2026-04-29,DET vs ORL,33.800000000000004,Cade Cunningham,0.65,0.4166666666666667,0.0,0.6266666666666668,50.1
0042500135,245,125,120,5,0,2026-04-29,CLE vs TOR,21.600000000000005,Evan Mobley,0.75,0.75,0.0,0.22000000000000017,44.1
0042500175,192,99,93,6,0,2026-04-29,LAL vs HOU,20.100000000000005,Deandre Ayton,0.7,0.0,0.0,0.17000000000000018,36.6
0042500116,199,106,93,13,0,2026-04-30,PHI vs BOS,25.1,Tyrese Maxey,0.35,0.0,0.0,0.3366666666666667,25.8
0042500126,229,140,89,51,0,2026-04-30,ATL vs NYK,31.0,OG Anunoby,0.0,0.48333333333333334,0.0,0.5333333333333333,18.4
0042500166,208,110,98,12,0,2026-04-30,MIN vs DEN,27.100000000000005,Jaden McDaniels,0.4,0.13333333333333333,0.0,0.4033333333333335,30.8
0042500106,172,93,79,14,0,2026-05-01,ORL vs DET,24.1,Cade Cunningham,0.30000000000000004,0.0,0.0,0.3033333333333334,22.6
0042500136,222,112,110,2,1,2026-05-01,TOR vs CLE,28.3,Scottie Barnes,0.9,0.36666666666666664,0.7,0.44333333333333336,69.6
0042500176,176,98,78,20,0,2026-05-01,HOU vs LAL,17.999999999999996,LeBron James,0.0,0.0,0.0,0.09999999999999988,3.0
0042500117,209,109,100,9,0,2026-05-02,BOS vs PHI,27.399999999999995,Tyrese Maxey,0.55,0.15,0.0,0.41333333333333316,37.9
0042500107,210,116,94,22,0,2026-05-03,DET vs ORL,28.599999999999994,Tobias Harris,0.0,0.16666666666666666,0.0,0.45333333333333314,14.4
0042500137,216,114,102,12,0,2026-05-03,CLE vs TOR,25.3,Jarrett Allen,0.4,0.26666666666666666,0.0,0.3433333333333334,29.6
0042500211,235,137,98,39,0,2026-05-04,NYK vs PHI,30.599999999999994,Jalen Brunson,0.0,0.5833333333333334,0.0,0.5199999999999998,18.5
0042500231,206,104,102,2,0,2026-05-04,SAS vs MIN,14.800000000000002,Stephon Castle,0.9,0.1,0.0,0.0,41.0
0042500201,212,111,101,10,0,2026-05-05,DET vs CLE,16.199999999999996,James Harden,0.5,0.2,0.0,0.039999999999999855,24.7
0042500221,198,108,90,18,0,2026-05-05,OKC vs LAL,24.300000000000004,Chet Holmgren,0.09999999999999998,0.0,0.0,0.31000000000000016,13.8
0042500212,210,108,102,6,0,2026-05-06,NYK vs PHI,22.9,OG Anunoby,0.7,0.16666666666666666,0.0,0.2633333333333333,40.2
0042500232,228,133,95,38,0,2026-05-06,SAS vs MIN,18.8,Victor Wembanyama,0.0,0.4666666666666667,0.0,0.12666666666666668,6.1
0042500202,204,107,97,10,0,2026-05-07,DET vs CLE,22.099999999999998,Cade Cunningham,0.5,0.06666666666666667,0.0,0.2366666666666666,29.9
0042500222,232,125,107,18,0,2026-05-07,OKC vs LAL,24.499999999999996,Chet Holmgren,0.09999999999999998,0.5333333333333333,0.0,0.31666666666666654,16.7
0042500213,202,108,94,14,0,2026-05-08,PHI vs NYK,25.6,Jalen Brunson,0.30000000000000004,0.03333333333333333,0.0,0.3533333333333334,24.3
0042500233,223,115,108,7,0,2026-05-08,MIN vs SAS,37.900000000000006,Victor Wembanyama,0.65,0.38333333333333336,0.0,0.7633333333333335,54.1
0042500203,225,116,109,7,0,2026-05-09,CLE vs DET,25.000000000000007,Donovan Mitchell,0.65,0.4166666666666667,0.0,0.3333333333333336,41.3
0042500223,239,131,108,23,0,2026-05-09,LAL vs OKC,26.500000000000004,Ajay Mitchell,0.0,0.65,0.0,0.38333333333333347,14.8
0042500214,258,144,114,30,0,2026-05-10,PHI vs NYK,23.4,Miles McBride,0.0,0.9666666666666667,0.0,0.27999999999999997,13.2
0042500234,223,114,109,5,0,2026-05-10,MIN vs SAS,24.000000000000004,Anthony Edwards,0.75,0.38333333333333336,0.0,0.3000000000000001,44.7
0042500204,215,112,103,9,0,2026-05-11,CLE vs DET,32.1,Donovan Mitchell,0.55,0.25,0.0,0.5700000000000001,43.1
0042500224,225,115,110,5,0,2026-05-11,LAL vs OKC,26.300000000000004,Shai Gilgeous-Alexander,0.75,0.4166666666666667,0.0,0.3766666666666668,47.1
0042500235,223,126,97,29,0,2026-05-12,SAS vs MIN,25.700000000000003,Victor Wembanyama,0.0,0.38333333333333336,0.0,0.35666666666666674,12.6
0042500205,230,117,113,4,1,2026-05-13,DET vs CLE,28.1,Cade Cunningham,0.8,0.5,0.7,0.4366666666666667,65.6
0042500206,209,115,94,21,0,2026-05-15,CLE vs DET,16.8,Jalen Duren,0.0,0.15,0.0,0.060000000000000026,2.6
0042500236,248,139,109,30,0,2026-05-15,MIN vs SAS,30.700000000000003,Stephon Castle,0.0,0.8,0.0,0.5233333333333334,19.7
0042500207,219,125,94,31,0,2026-05-17,DET vs CLE,24.4,Evan Mobley,0.0,0.31666666666666665,0.0,0.3133333333333333,11.0
0042500311,237,122,115,7,2,2026-05-18,OKC vs SAS,40.1,Victor Wembanyama,0.65,0.6166666666666667,1.0,0.8366666666666667,77.4
0042500301,219,115,104,11,1,2026-05-19,NYK vs CLE,26.200000000000003,Jalen Brunson,0.44999999999999996,0.31666666666666665,0.7,0.3733333333333334,47.0
0042500312,235,122,113,9,0,2026-05-20,OKC vs SAS,24.9,Shai Gilgeous-Alexander,0.55,0.5833333333333334,0.0,0.32999999999999996,37.6
0042500302,202,109,93,16,0,2026-05-21,NYK vs CLE,20.4,Josh Hart,0.19999999999999996,0.03333333333333333,0.0,0.17999999999999997,14.6
0042500313,231,123,108,15,0,2026-05-22,SAS vs OKC,23.4,Shai Gilgeous-Alexander,0.25,0.5166666666666667,0.0,0.27999999999999997,22.2
0042500303,229,121,108,13,0,2026-05-23,CLE vs NYK,21.899999999999995,Mikal Bridges,0.35,0.48333333333333334,0.0,0.22999999999999984,25.1
0042500314,185,103,82,21,0,2026-05-24,SAS vs OKC,28.000000000000007,Victor Wembanyama,0.0,0.0,0.0,0.43333333333333357,13.0
0042500304,223,130,93,37,0,2026-05-25,CLE vs NYK,21.4,Karl-Anthony Towns,0.0,0.38333333333333336,0.0,0.2133333333333333,8.3
0042500315,241,127,114,13,0,2026-05-26,OKC vs SAS,23.500000000000004,Shai Gilgeous-Alexander,0.35,0.6833333333333333,0.0,0.28333333333333344,27.7
0042500316,209,118,91,27,0,2026-05-28,SAS vs OKC,24.4,Victor Wembanyama,0.0,0.15,0.0,0.3133333333333333,10.1
0042500317,214,111,103,8,0,2026-05-30,OKC vs SAS,32.5,Shai Gilgeous-Alexander,0.6,0.23333333333333334,0.0,0.5833333333333334,45.7
0042500401,200,105,95,10,0,2026-06-03,SAS vs NYK,15.799999999999994,Victor Wembanyama,0.5,0.0,0.0,0.026666666666666453,23.3
0042500402,209,105,104,1,0,2026-06-05,SAS vs NYK,22.8,Victor Wembanyama,0.95,0.15,0.0,0.26,51.3
0042500403,226,115,111,4,0,2026-06-08,NYK vs SAS,32.3,Victor Wembanyama,0.8,0.43333333333333335,0.0,0.5766666666666665,55.5
0042500404,213,107,106,1,0,2026-06-10,NYK vs SAS,28.699999999999996,OG Anunoby,0.95,0.21666666666666667,0.0,0.4566666666666665,57.5
0042500405,184,94,90,4,0,2026-06-13,SAS vs NYK,32.900000000000006,Jalen Brunson,0.8,0.0,0.0,0.5966666666666669,53.9
